path,file_bytes,image_bytes,image_range,sum16,checksum_in_filename,checksum_verified,sha256_file,sha256_image
unsorted-source-material/Microcontroller dumps/Complete/D8041AHC_NEC_VP410_Module_S_Control.hex,2893,1024,0x0000-0x03FF,0xC014,,,e022f046e81507c677ebf033869c15c5c53c437c5ea37f4c20f18c8f1c482baf,b061c815822c0e35282a8182a3d972ff8f67961bdd5522eefbfc938d62c9e512
unsorted-source-material/Microcontroller dumps/Complete/D8041AHC_NEC_VP415_Module_S_Control.hex,2891,1024,0x0000-0x03FF,0xFC62,,,50df9fc682f54b16efc066cdca02d05a12cba6494f6c9885246352ea67bdd6e3,35d258eb1ee0bfab3b33cd1293153fcf9618a027f1e6da9d3e417353da846856
unsorted-source-material/Microcontroller dumps/Complete/D8041AHC_NEC_VP415_Module_W_CPU.hex,2891,1024,0x0000-0x03FF,0xFC62,,,50df9fc682f54b16efc066cdca02d05a12cba6494f6c9885246352ea67bdd6e3,35d258eb1ee0bfab3b33cd1293153fcf9618a027f1e6da9d3e417353da846856
unsorted-source-material/Microcontroller dumps/D8041AHC_NEC_VP415_Module_S_Control 2.hex,2891,1024,0x0000-0x03FF,0xFC62,,,50df9fc682f54b16efc066cdca02d05a12cba6494f6c9885246352ea67bdd6e3,35d258eb1ee0bfab3b33cd1293153fcf9618a027f1e6da9d3e417353da846856
unsorted-source-material/Microcontroller dumps/D8041AHC_NEC_VP415_Module_S_Control 3.hex,2891,1024,0x0000-0x03FF,0xFC62,,,50df9fc682f54b16efc066cdca02d05a12cba6494f6c9885246352ea67bdd6e3,35d258eb1ee0bfab3b33cd1293153fcf9618a027f1e6da9d3e417353da846856
unsorted-source-material/Microcontroller dumps/D8041AHC_NEC_VP415_Module_S_Control.hex,8848,1024,0x0000-0x03FF,0xFC62,,,b09d8a6f10a8de952f2399348498480e50cbb5a5c49009868c9d07836670c5a7,35d258eb1ee0bfab3b33cd1293153fcf9618a027f1e6da9d3e417353da846856
unsorted-source-material/Microcontroller dumps/D8041AHC_NEC_VP415_Module_W_CPU 2.hex,2891,1024,0x0000-0x03FF,0xFC62,,,50df9fc682f54b16efc066cdca02d05a12cba6494f6c9885246352ea67bdd6e3,35d258eb1ee0bfab3b33cd1293153fcf9618a027f1e6da9d3e417353da846856
unsorted-source-material/Microcontroller dumps/D8041AHC_NEC_VP415_Module_W_CPU 3.hex,2891,1024,0x0000-0x03FF,0xFC62,,,50df9fc682f54b16efc066cdca02d05a12cba6494f6c9885246352ea67bdd6e3,35d258eb1ee0bfab3b33cd1293153fcf9618a027f1e6da9d3e417353da846856
unsorted-source-material/Microcontroller dumps/D8041AHC_NEC_VP415_Module_W_CPU.hex,8848,1024,0x0000-0x03FF,0xFC62,,,b8381b1cbe2731e1e854d82616ddeabe0c95966af8dedb48b44a77e31e166e53,35d258eb1ee0bfab3b33cd1293153fcf9618a027f1e6da9d3e417353da846856
unsorted-source-material/VP415 ROM dumps/VP410 S Module - Control A 3104 103 68114.BIN,65536,65536,0x0000-0xFFFF,0xFC6F,,,9dee7647ab7480a4ae5fdfdf382001a2cd04413182835b5e0244c65693de9b40,9dee7647ab7480a4ae5fdfdf382001a2cd04413182835b5e0244c65693de9b40
unsorted-source-material/VP415 ROM dumps/VP415 ROM images/R 3104 103 6803 6 DRIVE V1_7 0x68FF.BIN,16384,16384,0x0000-0x3FFF,0x68FF,0x68FF,match,6ec09eeb8d4751b5c833c859a03d726a0030dc20098c917ca4f12a5b51764819,6ec09eeb8d4751b5c833c859a03d726a0030dc20098c917ca4f12a5b51764819
unsorted-source-material/VP415 ROM dumps/VP415 ROM images/S 3104 103 6804 9 CONTROL V1_8 0x6728.BIN,65536,65536,0x0000-0xFFFF,0x6728,0x6728,match,e372542baa52e57f25471e6714a26d3a00996744c52aec669f4dfd1dd229c540,e372542baa52e57f25471e6714a26d3a00996744c52aec669f4dfd1dd229c540
unsorted-source-material/VP415 ROM dumps/VP415 ROM images/W 3104 103 6805 2 CPU V1_3 0xB42D.BIN,16384,16384,0x0000-0x3FFF,0xB42D,0xB42D,match,d929bc98adcd200c5aa7979a7933304ad683f481751d7ebae77aa069a1ba5087,d929bc98adcd200c5aa7979a7933304ad683f481751d7ebae77aa069a1ba5087
unsorted-source-material/VP415 ROM dumps/VP415 ROM images/W 3104 103 6805 3 CPU V1_4 0x8F90.BIN,16384,16384,0x0000-0x3FFF,0x8F90,0x8F90,match,ecdd68a65ebe45ae4de5f9eb2bcf715d74a6f0ced53e7c655b07c622ab11eb24,ecdd68a65ebe45ae4de5f9eb2bcf715d74a6f0ced53e7c655b07c622ab11eb24
unsorted-source-material/VP415 ROM dumps/VP415 ROM images/W 3104 103 6806 2 CPU V1_3 0x1A1C.BIN,16384,16384,0x0000-0x3FFF,0x1A1C,0x1A1C,match,e230f04b178c253332f018b5524f936eccfb09ed48ea69d84ab8495ca6e55042,e230f04b178c253332f018b5524f936eccfb09ed48ea69d84ab8495ca6e55042
unsorted-source-material/VP415 ROM dumps/VP415 ROM images/W 3104 103 6806 3 CPU V1_4 0x56D7.BIN,16384,16384,0x0000-0x3FFF,0x56D7,0x56D7,match,d87e81e193f38593774db4213c4d6e69a90e50675d46d7ca2ab92772fc018d38,d87e81e193f38593774db4213c4d6e69a90e50675d46d7ca2ab92772fc018d38
unsorted-source-material/VP415 ROM dumps/VP415 ROM images/W 3104 103 6807 0 CPU V1_0 0x1FBE.BIN,16384,16384,0x0000-0x3FFF,0x1FBE,0x1FBE,match,850498330a6d4920b84034dac0842a304570e8eda6d8fb6d8e3781c6bba6a4a4,850498330a6d4920b84034dac0842a304570e8eda6d8fb6d8e3781c6bba6a4a4
unsorted-source-material/VP415 ROM dumps/VP415 ROM images/W 3104 103 6808 0 CPU V1_0 0xD120.BIN,16384,16384,0x0000-0x3FFF,0xD120,0xD120,match,bc7eb8ca0f1e5d50b70ad65422b763c5d404400d532cb4f6ead8c270f8e462d8,bc7eb8ca0f1e5d50b70ad65422b763c5d404400d532cb4f6ead8c270f8e462d8
unsorted-source-material/VP415 ROM dumps/domesday_6803_drive.bin,16384,16384,0x0000-0x3FFF,0x68FF,,,6ec09eeb8d4751b5c833c859a03d726a0030dc20098c917ca4f12a5b51764819,6ec09eeb8d4751b5c833c859a03d726a0030dc20098c917ca4f12a5b51764819
unsorted-source-material/VP415 ROM dumps/domesday_scsi_6807.rom,16384,16384,0x0000-0x3FFF,0x1FBE,,,850498330a6d4920b84034dac0842a304570e8eda6d8fb6d8e3781c6bba6a4a4,850498330a6d4920b84034dac0842a304570e8eda6d8fb6d8e3781c6bba6a4a4
unsorted-source-material/VP415 ROM dumps/domesday_scsi_6808.rom,16384,16384,0x0000-0x3FFF,0xD120,,,bc7eb8ca0f1e5d50b70ad65422b763c5d404400d532cb4f6ead8c270f8e462d8,bc7eb8ca0f1e5d50b70ad65422b763c5d404400d532cb4f6ead8c270f8e462d8
unsorted-source-material/VP415 ROM dumps/drive_rom_sdi.BIN,16384,16384,0x0000-0x3FFF,0x68FF,,,6ec09eeb8d4751b5c833c859a03d726a0030dc20098c917ca4f12a5b51764819,6ec09eeb8d4751b5c833c859a03d726a0030dc20098c917ca4f12a5b51764819
unsorted-source-material/VP415 ROM dumps/old VP415 ROMs/W 3104 103 6805 2 CPU V1_3 0xB42D.bin,16384,16384,0x0000-0x3FFF,0xB42D,0xB42D,match,d929bc98adcd200c5aa7979a7933304ad683f481751d7ebae77aa069a1ba5087,d929bc98adcd200c5aa7979a7933304ad683f481751d7ebae77aa069a1ba5087
unsorted-source-material/VP415 ROM dumps/old VP415 ROMs/W 3104 103 6806 2 CPU V1_3 0x1A1C.bin,16384,16384,0x0000-0x3FFF,0x1A1C,0x1A1C,match,e230f04b178c253332f018b5524f936eccfb09ed48ea69d84ab8495ca6e55042,e230f04b178c253332f018b5524f936eccfb09ed48ea69d84ab8495ca6e55042
unsorted-source-material/VP415 ROM dumps/old VP415 ROMs/same/domesday_6803_drive 0x68FF.rom,16384,16384,0x0000-0x3FFF,0x68FF,0x68FF,match,6ec09eeb8d4751b5c833c859a03d726a0030dc20098c917ca4f12a5b51764819,6ec09eeb8d4751b5c833c859a03d726a0030dc20098c917ca4f12a5b51764819
unsorted-source-material/VP415 ROM dumps/old VP415 ROMs/same/domesday_6804_control 0x6728.rom,65536,65536,0x0000-0xFFFF,0x6728,0x6728,match,e372542baa52e57f25471e6714a26d3a00996744c52aec669f4dfd1dd229c540,e372542baa52e57f25471e6714a26d3a00996744c52aec669f4dfd1dd229c540
unsorted-source-material/VP415 ROM dumps/old VP415 ROMs/same/domesday_6807_descrambler 0x1FBE.rom,16384,16384,0x0000-0x3FFF,0x1FBE,0x1FBE,match,850498330a6d4920b84034dac0842a304570e8eda6d8fb6d8e3781c6bba6a4a4,850498330a6d4920b84034dac0842a304570e8eda6d8fb6d8e3781c6bba6a4a4
unsorted-source-material/VP415 ROM dumps/old VP415 ROMs/same/domesday_6808_sync 0xD120.rom,16384,16384,0x0000-0x3FFF,0xD120,0xD120,match,bc7eb8ca0f1e5d50b70ad65422b763c5d404400d532cb4f6ead8c270f8e462d8,bc7eb8ca0f1e5d50b70ad65422b763c5d404400d532cb4f6ead8c270f8e462d8
