source_path,dest_path,origin,disposition,profile,sheet,cs_code,notes
unsorted-source-material/vp415 service manual/Original PNG/vp415-colour300dpi-fixed_Page_052.webp,docs/modules/j-focus/assets/originals/cs-6-876-circuit-p052.webp,sheet-map,publish,schematic,052,CS 6 876,Focus module J - circuit diagram
unsorted-source-material/vp415 service manual/Original PNG/vp415-colour300dpi-fixed_Page_053.webp,docs/modules/j-focus/assets/originals/cs-7-846-module-sheet-p053.webp,sheet-map,publish,schematic,053,CS 7 846,Focus module J (mod level 2) - PCB / parts / circuit
unsorted-source-material/Module photos/Plug in modules/Module J - Focus bottom.jpg,docs/modules/j-focus/assets/originals/j-focus-bottom.jpg,asset-map,publish,module-photo,,,
unsorted-source-material/Module photos/Plug in modules/Module J - Focus top.jpg,docs/modules/j-focus/assets/originals/j-focus-top.jpg,asset-map,publish,module-photo,,,
unsorted-source-material/vp415 service manual/Original PNG/vp415-colour300dpi-fixed_Page_001.webp,docs/assets/originals/cs-7-814-cover-p001.webp,sheet-map,publish,text-page,001,CS 7 814,Front cover / contents
unsorted-source-material/vp415 service manual/Original PNG/vp415-colour300dpi-fixed_Page_002.webp,docs/assets/originals/contents-p002.webp,sheet-map,publish,text-page,002,,Chapter tab contents
unsorted-source-material/vp415 service manual/Original PNG/vp415-colour300dpi-fixed_Page_003.webp,docs/overview/assets/originals/divider-p003.webp,sheet-map,publish,text-page,003,,"Chapter 1 divider (Technical data, controls, connector pinning)"
unsorted-source-material/vp415 service manual/Original PNG/vp415-colour300dpi-fixed_Page_004.webp,docs/overview/assets/originals/cs-7-816-text-p004.webp,sheet-map,publish,text-page,004,CS 7 816,Technical data
unsorted-source-material/vp415 service manual/Original PNG/vp415-colour300dpi-fixed_Page_005.webp,docs/overview/assets/originals/cs-7-817-text-figure-p005.webp,sheet-map,publish,schematic,005,CS 7 817,"Controls, indicators and connections"
unsorted-source-material/vp415 service manual/Original PNG/vp415-colour300dpi-fixed_Page_006.webp,docs/overview/assets/originals/cs-7-828-text-p006.webp,sheet-map,publish,text-page,006,CS 7 828,"Connector pinning (A/V Euroconnector, RGB TTL DIN, SCSI)"
unsorted-source-material/vp415 service manual/Original PNG/vp415-colour300dpi-fixed_Page_007.webp,docs/general-service/assets/originals/divider-p007.webp,sheet-map,publish,text-page,007,,Chapter 2 divider (General service information)
unsorted-source-material/vp415 service manual/Original PNG/vp415-colour300dpi-fixed_Page_008.webp,docs/general-service/assets/originals/cs-7-818-text-p008.webp,sheet-map,publish,text-page,008,CS 7 818,Remarks
unsorted-source-material/vp415 service manual/Original PNG/vp415-colour300dpi-fixed_Page_009.webp,docs/general-service/assets/originals/cs-7-819-text-p009.webp,sheet-map,publish,text-page,009,CS 7 819,Warnings (laser radiation)
unsorted-source-material/vp415 service manual/Original PNG/vp415-colour300dpi-fixed_Page_010.webp,docs/general-service/assets/originals/cs-7-820-text-p010.webp,sheet-map,publish,text-page,010,CS 7 820,Modification levels
unsorted-source-material/vp415 service manual/Original PNG/vp415-colour300dpi-fixed_Page_011.webp,docs/general-service/assets/originals/cs-7-821-text-p011.webp,sheet-map,publish,text-page,011,CS 7 821,Adjustments - general and required
unsorted-source-material/vp415 service manual/Original PNG/vp415-colour300dpi-fixed_Page_012.webp,docs/general-service/assets/originals/cs-7-822-figure-p012.webp,sheet-map,publish,schematic,012,CS 7 822,Video adjustments survey (block diagram)
unsorted-source-material/vp415 service manual/Original PNG/vp415-colour300dpi-fixed_Page_013.webp,docs/general-service/assets/originals/cs-7-823-figure-p013.webp,sheet-map,publish,schematic,013,CS 7 823,Demounting instructions
unsorted-source-material/vp415 service manual/Original PNG/vp415-colour300dpi-fixed_Page_014.webp,docs/general-service/assets/originals/cs-7-824-text-p014.webp,sheet-map,publish,text-page,014,CS 7 824,Service hints (ESD)
unsorted-source-material/vp415 service manual/Original PNG/vp415-colour300dpi-fixed_Page_015.webp,docs/general-service/assets/originals/cs-7-825-figure-p015.webp,sheet-map,publish,schematic,015,CS 7 825,Service tools
unsorted-source-material/vp415 service manual/Original PNG/vp415-colour300dpi-fixed_Page_016.webp,docs/general-service/assets/originals/cs-7-826-figure-p016.webp,sheet-map,publish,schematic,016,CS 7 826,Application of service tools
unsorted-source-material/vp415 service manual/Original PNG/vp415-colour300dpi-fixed_Page_017.webp,docs/general-service/assets/originals/cs-7-827-figure-p017.webp,sheet-map,publish,schematic,017,CS 7 827,List of used symbols
unsorted-source-material/vp415 service manual/Original PNG/vp415-colour300dpi-fixed_Page_018.webp,docs/system/assets/originals/divider-p018.webp,sheet-map,publish,text-page,018,,Chapter 3 divider (Layout / signals / block diagrams)
unsorted-source-material/vp415 service manual/Original PNG/vp415-colour300dpi-fixed_Page_019.webp,docs/system/assets/originals/cs-7-829-figure-p019.webp,sheet-map,publish,schematic,019,CS 7 829,Module and connector lay-out
unsorted-source-material/vp415 service manual/Original PNG/vp415-colour300dpi-fixed_Page_020.webp,docs/system/assets/originals/cs-7-830-table-p020.webp,sheet-map,publish,schematic,020,CS 7 830,Alphabetical signal listing
unsorted-source-material/vp415 service manual/A4 trifold/vp415-colour300dpi-fixed_Page_021_022.webp,docs/system/assets/originals/cs-7-831-figure-p021-022.webp,sheet-map,publish,schematic,021_022,CS 7 831,Wiring diagram - player (WDP) - left portion
unsorted-source-material/vp415 service manual/Original PNG/vp415-colour300dpi-fixed_Page_023.webp,docs/system/assets/originals/cs-7-832-figure-p023.webp,sheet-map,publish,schematic,023,CS 7 832,Wiring diagram - sandwich (WDS)
unsorted-source-material/vp415 service manual/Original PNG/vp415-colour300dpi-fixed_Page_024.webp,docs/system/assets/originals/cs-7-833-figure-p024.webp,sheet-map,publish,schematic,024,CS 7 833,Block diagram - control routes
unsorted-source-material/vp415 service manual/Original PNG/vp415-colour300dpi-fixed_Page_025.webp,docs/system/assets/originals/cs-7-834-figure-p025.webp,sheet-map,publish,schematic,025,CS 7 834,Block diagram - audio/video signal path
unsorted-source-material/vp415 service manual/Original PNG/vp415-colour300dpi-fixed_Page_026.webp,docs/system/assets/originals/cs-7-835-figure-p026.webp,sheet-map,publish,schematic,026,CS 7 835,Block diagram - servo
unsorted-source-material/vp415 service manual/Original PNG/vp415-colour300dpi-fixed_Page_027.webp,docs/general-service/assets/originals/cs-8-121-figure-p027.webp,sheet-map,publish,schematic,027,CS 8 121,Connections of semiconductors
unsorted-source-material/vp415 service manual/Original PNG/vp415-colour300dpi-fixed_Page_028.webp,docs/modules/assets/originals/divider-p028.webp,sheet-map,publish,text-page,028,,Chapter 4 divider (Modules A to Z)
unsorted-source-material/vp415 service manual/Original PNG/vp415-colour300dpi-fixed_Page_029.webp,docs/modules/assets/originals/cs-7-855-table-p029.webp,sheet-map,publish,text-page,029,CS 7 855,Survey of modules VP415
unsorted-source-material/vp415 service manual/A4 trifold/vp415-colour300dpi-fixed_Page_030_031.webp,docs/modules/v-module-carrier/assets/originals/cs-7-836-pcb-layout-p030-031.webp,sheet-map,publish,schematic,030_031,CS 7 836,Module carrier V - PCB lay-out (component/solder side)
unsorted-source-material/vp415 service manual/Original PNG/vp415-colour300dpi-fixed_Page_032.webp,docs/modules/a-audio-processor/assets/originals/module-sheet-p032.webp,sheet-map,publish,schematic,032,,Audio processor module A (mod level 2) - adjustments / PCB / parts
unsorted-source-material/vp415 service manual/Original PNG/vp415-colour300dpi-fixed_Page_033.webp,docs/modules/a-audio-processor/assets/originals/cs-6-867-circuit-p033.webp,sheet-map,publish,schematic,033,CS 6 867,Audio processor module A - circuit diagram
unsorted-source-material/vp415 service manual/Original PNG/vp415-colour300dpi-fixed_Page_034.webp,docs/modules/b-rgb/assets/originals/cs-6-868-circuit-p034.webp,sheet-map,publish,schematic,034,CS 6 868,RGB module B - circuit diagram
unsorted-source-material/vp415 service manual/A4 trifold/vp415-colour300dpi-fixed_Page_035_036.webp,docs/modules/b-rgb/assets/originals/cs-7-838-module-sheet-p035-036.webp,sheet-map,publish,schematic,035_036,CS 7 838,RGB module B (mod level 5) - adjustments / PCB / parts
unsorted-source-material/vp415 service manual/Original PNG/vp415-colour300dpi-fixed_Page_037.webp,docs/modules/c-video-processor/assets/originals/module-sheet-p037.webp,sheet-map,publish,schematic,037,,Video processor module C (mod level 3) - PCB / parts
unsorted-source-material/vp415 service manual/Original PNG/vp415-colour300dpi-fixed_Page_038.webp,docs/modules/c-video-processor/assets/originals/cs-6-869-circuit-p038.webp,sheet-map,publish,schematic,038,CS 6 869,Video processor module C - circuit diagram
unsorted-source-material/vp415 service manual/A4 trifold/vp415-colour300dpi-fixed_Page_039_040.webp,docs/modules/d-reference-source/assets/originals/cs-6-870-circuit-p039-040.webp,sheet-map,publish,schematic,039_040,CS 6 870,Reference source module D - circuit diagram
unsorted-source-material/vp415 service manual/Original PNG/vp415-colour300dpi-fixed_Page_041.webp,docs/modules/d-reference-source/assets/originals/cs-7-840-module-sheet-p041.webp,sheet-map,publish,schematic,041,CS 7 840,Reference source module D (mod level 2) - PCB / parts
unsorted-source-material/vp415 service manual/Original PNG/vp415-colour300dpi-fixed_Page_042.webp,docs/modules/e-slide-drive/assets/originals/cs-7-841-module-sheet-p042.webp,sheet-map,publish,schematic,042,CS 7 841,Slide drive module E (mod level 3) - PCB / parts
unsorted-source-material/vp415 service manual/Original PNG/vp415-colour300dpi-fixed_Page_043.webp,docs/modules/e-slide-drive/assets/originals/cs-6-871-circuit-p043.webp,sheet-map,publish,schematic,043,CS 6 871,Slide drive module E - circuit diagram
unsorted-source-material/vp415 service manual/Original PNG/vp415-colour300dpi-fixed_Page_044.webp,docs/modules/f-motor-sequence/assets/originals/cs-6-872-circuit-p044.webp,sheet-map,publish,schematic,044,CS 6 872,Motor + sequence module F - circuit diagram
unsorted-source-material/vp415 service manual/Original PNG/vp415-colour300dpi-fixed_Page_045.webp,docs/modules/f-motor-sequence/assets/originals/cs-7-842-module-sheet-p045.webp,sheet-map,publish,schematic,045,CS 7 842,Motor + sequence module F (mod level 5) - adjustments / PCB / parts
unsorted-source-material/vp415 service manual/Original PNG/vp415-colour300dpi-fixed_Page_046.webp,docs/modules/g-genlock/assets/originals/cs-7-843-module-sheet-p046.webp,sheet-map,publish,schematic,046,CS 7 843,Gen lock module G (mod level 3) - adjustments / PCB / parts
unsorted-source-material/vp415 service manual/Original PNG/vp415-colour300dpi-fixed_Page_047.webp,docs/modules/g-genlock/assets/originals/cs-6-873-circuit-p047.webp,sheet-map,publish,schematic,047,CS 6 873,Gen lock module G - circuit diagram
unsorted-source-material/vp415 service manual/Original PNG/vp415-colour300dpi-fixed_Page_048.webp,docs/modules/h-etbc-b/assets/originals/cs-6-874-circuit-p048.webp,sheet-map,publish,schematic,048,CS 6 874,ETBC-B module H - circuit diagram
unsorted-source-material/vp415 service manual/Original PNG/vp415-colour300dpi-fixed_Page_049.webp,docs/modules/h-etbc-b/assets/originals/cs-7-844-module-sheet-p049.webp,sheet-map,publish,schematic,049,CS 7 844,ETBC-B module H (mod level 5) - adjustments / PCB / parts
unsorted-source-material/vp415 service manual/Original PNG/vp415-colour300dpi-fixed_Page_050.webp,docs/modules/i-etbc-c/assets/originals/cs-7-845-module-sheet-p050.webp,sheet-map,publish,schematic,050,CS 7 845,ETBC-C module I (mod level 6) - adjustments / PCB / parts
unsorted-source-material/vp415 service manual/Original PNG/vp415-colour300dpi-fixed_Page_051.webp,docs/modules/i-etbc-c/assets/originals/cs-6-875-circuit-p051.webp,sheet-map,publish,schematic,051,CS 6 875,ETBC-C module I - circuit diagram
unsorted-source-material/vp415 service manual/Original PNG/vp415-colour300dpi-fixed_Page_054.webp,docs/modules/k-hf-processor/assets/originals/cs-7-847-module-sheet-p054.webp,sheet-map,publish,schematic,054,CS 7 847,HF processor module K (mod level 0) - adjustments / PCB / parts
unsorted-source-material/vp415 service manual/Original PNG/vp415-colour300dpi-fixed_Page_055.webp,docs/modules/k-hf-processor/assets/originals/cs-6-877-circuit-p055.webp,sheet-map,publish,schematic,055,CS 6 877,HF processor module K - circuit diagram
unsorted-source-material/vp415 service manual/Original PNG/vp415-colour300dpi-fixed_Page_056.webp,docs/modules/l-video-dropout-correction/assets/originals/cs-6-878-circuit-p056.webp,sheet-map,publish,schematic,056,CS 6 878,Video drop-out correction module L - circuit diagram
unsorted-source-material/vp415 service manual/Original PNG/vp415-colour300dpi-fixed_Page_057.webp,docs/modules/l-video-dropout-correction/assets/originals/cs-7-848-module-sheet-p057.webp,sheet-map,publish,schematic,057,CS 7 848,Video drop-out correction module L (mod level 0) - adjustments / PCB / parts
unsorted-source-material/vp415 service manual/Original PNG/vp415-colour300dpi-fixed_Page_058.webp,docs/modules/m-radial/assets/originals/cs-7-849-module-sheet-p058.webp,sheet-map,publish,schematic,058,CS 7 849,Radial module M (mod level 1) - PCB / parts
unsorted-source-material/vp415 service manual/Original PNG/vp415-colour300dpi-fixed_Page_059.webp,docs/modules/m-radial/assets/originals/cs-6-879-circuit-p059.webp,sheet-map,publish,schematic,059,CS 6 879,Radial module M - circuit diagram
unsorted-source-material/vp415 service manual/Original PNG/vp415-colour300dpi-fixed_Page_060.webp,docs/modules/n-display-keyboard/assets/originals/cs-6-880-circuit-p060.webp,sheet-map,publish,schematic,060,CS 6 880,Display + keyboard module N - circuit diagram
unsorted-source-material/vp415 service manual/A4 trifold/vp415-colour300dpi-fixed_Page_061_062.webp,docs/modules/n-display-keyboard/assets/originals/cs-7-850-module-sheet-p061-062.webp,sheet-map,publish,schematic,061_062,CS 7 850,"Display + keyboard module N (mod level 1) - PCB / parts [panels span modules N, P]"
unsorted-source-material/vp415 service manual/A4 trifold/vp415-colour300dpi-fixed_Page_063_064.webp,docs/modules/r-drive-processor/assets/originals/cs-7-851-circuit-p063-064.webp,sheet-map,publish,schematic,063_064,CS 7 851,"RC5 circuit module Q; list of electrical parts module R [panels span modules Q, R]"
unsorted-source-material/vp415 service manual/A4 trifold/vp415-colour300dpi-fixed_Page_065_066.webp,docs/modules/r-drive-processor/assets/originals/cs-6-883-circuit-p065-066.webp,sheet-map,publish,schematic,065_066,CS 6 883,Drive processor module R - circuit diagram
unsorted-source-material/vp415 service manual/A4 trifold/vp415-colour300dpi-fixed_Page_067_068.webp,docs/modules/s-control/assets/originals/cs-6-884-circuit-p067-068.webp,sheet-map,publish,schematic,067_068,CS 6 884,Control module S - circuit diagram
unsorted-source-material/vp415 service manual/A4 trifold/vp415-colour300dpi-fixed_Page_069_070.webp,docs/modules/s-control/assets/originals/cs-7-852-module-sheet-p069-070.webp,sheet-map,publish,schematic,069_070,CS 7 852,Control module S (mod level 3) - parts
unsorted-source-material/vp415 service manual/A4 trifold/vp415-colour300dpi-fixed_Page_071_072.webp,docs/modules/t-supply/assets/originals/cs-7-853-module-sheet-p071-072.webp,sheet-map,publish,schematic,071_072,CS 7 853,Supply module T (mod level 1) - adjustments / PCB / parts
unsorted-source-material/vp415 service manual/Original PNG/vp415-colour300dpi-fixed_Page_073.webp,docs/modules/t-supply/assets/originals/cs-6-885-circuit-p073.webp,sheet-map,publish,schematic,073,CS 6 885,Supply module T - circuit diagram (switched mode power supply)
unsorted-source-material/vp415 service manual/Original PNG/vp415-colour300dpi-fixed_Page_074.webp,docs/modules/u-analog-io/assets/originals/cs-6-886-circuit-p074.webp,sheet-map,publish,schematic,074,CS 6 886,Analog I/O module Ua (CVBS + audio part) - circuit diagram
unsorted-source-material/vp415 service manual/A4 trifold/vp415-colour300dpi-fixed_Page_075_076.webp,docs/modules/u-analog-io/assets/originals/cs-7-854-module-sheet-p075-076.webp,sheet-map,publish,schematic,075_076,CS 7 854,Analog I/O module U (mod level 3) - parts
unsorted-source-material/vp415 service manual/A4 trifold/vp415-colour300dpi-fixed_Page_077_078.webp,docs/modules/u-analog-io/assets/originals/cs-7-854-module-sheet-p077-078.webp,sheet-map,publish,schematic,077_078,CS 7 854,Analog I/O module U - parts (continued)
unsorted-source-material/vp415 service manual/Original PNG/vp415-colour300dpi-fixed_Page_079.webp,docs/modules/u-analog-io/assets/originals/cs-6-887-circuit-p079.webp,sheet-map,publish,schematic,079,CS 6 887,Analog I/O module Ub (video part) - circuit diagram
unsorted-source-material/vp415 service manual/Original PNG/vp415-colour300dpi-fixed_Page_080.webp,docs/modules/u-analog-io/assets/originals/cs-6-888-circuit-p080.webp,sheet-map,publish,schematic,080,CS 6 888,Analog I/O module Uc (TXT part) - circuit diagram
unsorted-source-material/vp415 service manual/Original PNG/vp415-colour300dpi-fixed_Page_081.webp,docs/modules/u-analog-io/assets/originals/adjustments-p081.webp,sheet-map,publish,text-page,081,,Analog I/O module U - adjustments
unsorted-source-material/vp415 service manual/Original PNG/vp415-colour300dpi-fixed_Page_082.webp,docs/modules/u-analog-io/assets/originals/cs-7-856-adjustments-p082.webp,sheet-map,publish,schematic,082,CS 7 856,Analog I/O module U - adjustments (continued) / connector detail
unsorted-source-material/vp415 service manual/Original PNG/vp415-colour300dpi-fixed_Page_083.webp,docs/modules/w-cpu-data-grabber/assets/originals/cs-7-857-parts-p083.webp,sheet-map,publish,text-page,083,CS 7 857,List of electrical parts module W (EPROMs)
unsorted-source-material/vp415 service manual/Original PNG/vp415-colour300dpi-fixed_Page_084.webp,docs/modules/w-cpu-data-grabber/assets/originals/pcb-layout-p084.webp,sheet-map,publish,schematic,084,,CPU + data grabber module W (mod level 2) - PCB / parts
unsorted-source-material/vp415 service manual/A4 trifold/vp415-colour300dpi-fixed_Page_085_086.webp,docs/modules/w-cpu-data-grabber/assets/originals/cs-6-889-circuit-p085-086.webp,sheet-map,publish,schematic,085_086,CS 6 889,CPU + data grabber module W - circuit diagram
unsorted-source-material/vp415 service manual/A4 trifold/vp415-colour300dpi-fixed_Page_087_088.webp,docs/modules/w-cpu-data-grabber/assets/originals/cs-6-890-circuit-p087-088.webp,sheet-map,publish,schematic,087_088,CS 6 890,CPU + data grabber module W - circuit diagram (EPROM section)
unsorted-source-material/vp415 service manual/Original PNG/vp415-colour300dpi-fixed_Page_089.webp,docs/modules/w-cpu-data-grabber/assets/originals/cs-8-122-pcb-layout-p089.webp,sheet-map,publish,schematic,089,CS 8 122,CPU + data grabber module W - PCB lay-out (later revision)
unsorted-source-material/vp415 service manual/Original PNG/vp415-colour300dpi-fixed_Page_090.webp,docs/modules/w-cpu-data-grabber/assets/originals/cs-7-858-pcb-layout-p090.webp,sheet-map,publish,schematic,090,CS 7 858,CPU + data grabber module W - PCB lay-out
unsorted-source-material/vp415 service manual/A4 trifold/vp415-colour300dpi-fixed_Page_091_092.webp,docs/modules/x-lv-rom-decoder/assets/originals/cs-7-859-module-sheet-p091-092.webp,sheet-map,publish,schematic,091_092,CS 7 859,LV-ROM decoder module X (mod level 3) - adjustments / PCB / parts
unsorted-source-material/vp415 service manual/Original PNG/vp415-colour300dpi-fixed_Page_093.webp,docs/modules/x-lv-rom-decoder/assets/originals/cs-6-891-circuit-p093.webp,sheet-map,publish,schematic,093,CS 6 891,LV-ROM decoder module X - circuit diagram
unsorted-source-material/vp415 service manual/A4 trifold/vp415-colour300dpi-fixed_Page_094_095.webp,docs/modules/y-video-mixer/assets/originals/cs-6-892-circuit-p094-095.webp,sheet-map,publish,schematic,094_095,CS 6 892,Video mixer module Y - circuit diagram (mode switch / buffer+clamp / mixers)
unsorted-source-material/vp415 service manual/A4 trifold/vp415-colour300dpi-fixed_Page_096_097.webp,docs/modules/y-video-mixer/assets/originals/cs-7-860-module-sheet-p096-097.webp,sheet-map,publish,schematic,096_097,CS 7 860,Video mixer module Y (mod level 4) - parts
unsorted-source-material/vp415 service manual/Original PNG/vp415-colour300dpi-fixed_Page_098.webp,docs/modules/z-deck-electronics/assets/originals/cs-7-861-module-sheet-p098.webp,sheet-map,publish,schematic,098,CS 7 861,Deck electronics module Z - parts
unsorted-source-material/vp415 service manual/Original PNG/vp415-colour300dpi-fixed_Page_099.webp,docs/modules/z-deck-electronics/assets/originals/cs-6-893-circuit-p099.webp,sheet-map,publish,schematic,099,CS 6 893,Deck electronics module Z - circuit diagram (laser detection unit)
unsorted-source-material/vp415 service manual/Original PNG/vp415-colour300dpi-fixed_Page_100.webp,docs/modules/remote-control/assets/originals/cs-7-862-module-sheet-p100.webp,sheet-map,publish,schematic,100,CS 7 862,Remote control RC53/VP410/VP415 transmitter - exploded view / PCB
unsorted-source-material/vp415 service manual/Original PNG/vp415-colour300dpi-fixed_Page_101.webp,docs/parts/assets/originals/divider-p101.webp,sheet-map,publish,text-page,101,,Chapter 5 divider (Exploded views and parts lists)
unsorted-source-material/vp415 service manual/Original PNG/vp415-colour300dpi-fixed_Page_102.webp,docs/parts/assets/originals/cs-7-863-figure-p102.webp,sheet-map,publish,schematic,102,CS 7 863,Exploded view - cabinet
unsorted-source-material/vp415 service manual/Original PNG/vp415-colour300dpi-fixed_Page_103.webp,docs/parts/assets/originals/cs-7-864-figure-p103.webp,sheet-map,publish,schematic,103,CS 7 864,Exploded view - sandwich
unsorted-source-material/vp415 service manual/Original PNG/vp415-colour300dpi-fixed_Page_104.webp,docs/parts/assets/originals/cs-7-865-figure-p104.webp,sheet-map,publish,schematic,104,CS 7 865,Exploded view - frontloader
unsorted-source-material/vp415 service manual/Original PNG/vp415-colour300dpi-fixed_Page_105.webp,docs/parts/assets/originals/cs-7-866-figure-p105.webp,sheet-map,publish,schematic,105,CS 7 866,Exploded view - disc drive
unsorted-source-material/vp415 service manual/Original PNG/vp415-colour300dpi-fixed_Page_106.webp,docs/repair/assets/originals/divider-p106.webp,sheet-map,publish,text-page,106,,Chapter 6 divider (Repair method)
unsorted-source-material/vp415 service manual/Original PNG/vp415-colour300dpi-fixed_Page_107.webp,docs/repair/assets/originals/cs-8-110-text-p107.webp,sheet-map,publish,text-page,107,CS 8 110,Repair method - title page and contents
unsorted-source-material/vp415 service manual/Original PNG/vp415-colour300dpi-fixed_Page_108.webp,docs/repair/assets/originals/cs-8-111-text-p108.webp,sheet-map,publish,text-page,108,CS 8 111,Introduction / diagnostic software
unsorted-source-material/vp415 service manual/Original PNG/vp415-colour300dpi-fixed_Page_109.webp,docs/repair/assets/originals/cs-8-112-text-p109.webp,sheet-map,publish,text-page,109,CS 8 112,Reproducing the error codes on the screen
unsorted-source-material/vp415 service manual/Original PNG/vp415-colour300dpi-fixed_Page_110.webp,docs/repair/assets/originals/cs-8-113-text-p110.webp,sheet-map,publish,text-page,110,CS 8 113,Programme loop in the self-test mode
unsorted-source-material/vp415 service manual/Original PNG/vp415-colour300dpi-fixed_Page_111.webp,docs/repair/assets/originals/cs-8-114-table-p111.webp,sheet-map,publish,text-page,111,CS 8 114,Meaning of the error codes
unsorted-source-material/vp415 service manual/Original PNG/vp415-colour300dpi-fixed_Page_112.webp,docs/repair/assets/originals/cs-8-115-text-p112.webp,sheet-map,publish,text-page,112,CS 8 115,Fault finding - meaning of the symbols used
unsorted-source-material/vp415 service manual/Original PNG/vp415-colour300dpi-fixed_Page_113.webp,docs/repair/assets/originals/cs-8-116-figure-p113.webp,sheet-map,publish,schematic,113,CS 8 116,Test procedure flow chart
unsorted-source-material/vp415 service manual/Original PNG/vp415-colour300dpi-fixed_Page_114.webp,docs/repair/assets/originals/cs-8-117-figure-p114.webp,sheet-map,publish,schematic,114,CS 8 117,Fault finding chart 1 - no display
unsorted-source-material/vp415 service manual/Original PNG/vp415-colour300dpi-fixed_Page_115.webp,docs/repair/assets/originals/cs-8-118-figure-p115.webp,sheet-map,publish,schematic,115,CS 8 118,Fault finding chart 2 - error code <60 (self test mode)
unsorted-source-material/vp415 service manual/Original PNG/vp415-colour300dpi-fixed_Page_116.webp,docs/repair/assets/originals/cs-8-119-figure-p116.webp,sheet-map,publish,schematic,116,CS 8 119,"Fault finding chart - time out tilt, laser not on, not out of focus"
unsorted-source-material/vp415 service manual/Original PNG/vp415-colour300dpi-fixed_Page_117.webp,docs/repair/assets/originals/cs-8-120-figure-p117.webp,sheet-map,publish,schematic,117,CS 8 120,"Fault finding chart - not in focus after 5 attempts, motor speed error, frame lock"
unsorted-source-material/vp415 service manual/Original PNG/vp415-colour300dpi-fixed_Page_118.webp,docs/circuit-description/assets/originals/divider-p118.webp,sheet-map,publish,text-page,118,,Chapter 7 divider (Circuit description)
unsorted-source-material/vp415 service manual/Original PNG/vp415-colour300dpi-fixed_Page_119.webp,docs/parts/assets/originals/cs-7-867-figure-p119.webp,sheet-map,publish,schematic,119,CS 7 867,Exploded view - optical deck [bound after chapter 7 divider]
unsorted-source-material/vp415 service manual/Original PNG/vp415-colour300dpi-fixed_Page_120.webp,docs/parts/assets/originals/cs-7-868-table-p120.webp,sheet-map,publish,text-page,120,CS 7 868,List of mechanical parts - fixing materials / optical deck
unsorted-source-material/vp415 service manual/Original PNG/vp415-colour300dpi-fixed_Page_121.webp,docs/parts/assets/originals/cs-7-869-table-p121.webp,sheet-map,publish,text-page,121,CS 7 869,List of mechanical parts - disc drive / sandwich / cabinet
unsorted-source-material/vp415 service manual/Original PNG/vp415-colour300dpi-fixed_Page_122.webp,docs/parts/assets/originals/cs-7-870-table-p122.webp,sheet-map,publish,text-page,122,CS 7 870,List of electrical parts - remote control / integrated circuits
unsorted-source-material/vp415 service manual/Original PNG/vp415-colour300dpi-fixed_Page_123.webp,docs/parts/assets/originals/cs-7-871-table-p123.webp,sheet-map,publish,text-page,123,CS 7 871,List of electrical parts - transistors / diodes
unsorted-source-material/vp415 service manual/Original PNG/vp415-colour300dpi-fixed_Page_124.webp,docs/parts/assets/originals/cs-7-872-table-p124.webp,sheet-map,publish,text-page,124,CS 7 872,List of electrical parts - standard resistors
unsorted-source-material/vp415 service manual/Original PNG/vp415-colour300dpi-fixed_Page_125.webp,docs/circuit-description/assets/originals/cs-7-874-text-p125.webp,sheet-map,publish,text-page,125,CS 7 874,Circuit description - title page and contents
unsorted-source-material/vp415 service manual/Original PNG/vp415-colour300dpi-fixed_Page_126.webp,docs/circuit-description/assets/originals/cs-7-875-text-p126.webp,sheet-map,publish,text-page,126,CS 7 875,The LaserVision system - introduction / encoding
unsorted-source-material/vp415 service manual/Original PNG/vp415-colour300dpi-fixed_Page_127.webp,docs/circuit-description/assets/originals/cs-7-876-text-p127.webp,sheet-map,publish,text-page,127,CS 7 876,Lead-in / lead-out tracks / programme area
unsorted-source-material/vp415 service manual/Original PNG/vp415-colour300dpi-fixed_Page_128.webp,docs/circuit-description/assets/originals/cs-7-877-text-p128.webp,sheet-map,publish,text-page,128,CS 7 877,Radial tracking / time base correction / genlock
unsorted-source-material/vp415 service manual/Original PNG/vp415-colour300dpi-fixed_Page_129.webp,docs/circuit-description/assets/originals/cs-7-878-figure-p129.webp,sheet-map,publish,schematic,129,CS 7 878,Fig. OD1 - optical deck
unsorted-source-material/vp415 service manual/Original PNG/vp415-colour300dpi-fixed_Page_130.webp,docs/circuit-description/assets/originals/cs-7-879-text-p130.webp,sheet-map,publish,text-page,130,CS 7 879,The optical deck
unsorted-source-material/vp415 service manual/Original PNG/vp415-colour300dpi-fixed_Page_131.webp,docs/circuit-description/assets/originals/cs-7-880-text-p131.webp,sheet-map,publish,text-page,131,CS 7 880,Active tilt control (ATC)
unsorted-source-material/vp415 service manual/Original PNG/vp415-colour300dpi-fixed_Page_132.webp,docs/circuit-description/assets/originals/text-p132.webp,sheet-map,publish,text-page,132,,VP400 series - introduction / audio-video signal path
unsorted-source-material/vp415 service manual/Original PNG/vp415-colour300dpi-fixed_Page_133.webp,docs/circuit-description/assets/originals/cs-7-581-figure-p133.webp,sheet-map,publish,schematic,133,CS 7 581,Fig. SP1 - audio/video signal path
unsorted-source-material/vp415 service manual/Original PNG/vp415-colour300dpi-fixed_Page_134.webp,docs/circuit-description/assets/originals/cs-7-882-figure-p134.webp,sheet-map,publish,schematic,134,CS 7 882,Fig. CR1 - block diagram control routes
unsorted-source-material/vp415 service manual/Original PNG/vp415-colour300dpi-fixed_Page_135.webp,docs/circuit-description/assets/originals/figure-p135.webp,sheet-map,publish,schematic,135,,Fig. CR2 - start-up sequence
unsorted-source-material/vp415 service manual/Original PNG/vp415-colour300dpi-fixed_Page_136.webp,docs/circuit-description/assets/originals/cs-7-883-text-p136.webp,sheet-map,publish,schematic,136,CS 7 883,Control routes / S-bus / constraints on operation
unsorted-source-material/vp415 service manual/Original PNG/vp415-colour300dpi-fixed_Page_137.webp,docs/circuit-description/assets/originals/cs-8-123-figure-p137.webp,sheet-map,publish,schematic,137,CS 8 123,Fig. SE1 - block diagram servo
unsorted-source-material/vp415 service manual/Original PNG/vp415-colour300dpi-fixed_Page_138.webp,docs/circuit-description/assets/originals/cs-7-884-text-p138.webp,sheet-map,publish,text-page,138,CS 7 884,The servo block diagram - short description
unsorted-source-material/vp415 service manual/Original PNG/vp415-colour300dpi-fixed_Page_139.webp,docs/circuit-description/assets/originals/cs-7-885-text-p139.webp,sheet-map,publish,text-page,139,CS 7 885,Module A - audio processor
unsorted-source-material/vp415 service manual/Original PNG/vp415-colour300dpi-fixed_Page_140.webp,docs/circuit-description/assets/originals/cs-7-886-text-p140.webp,sheet-map,publish,text-page,140,CS 7 886,Module B - RGB
unsorted-source-material/vp415 service manual/Original PNG/vp415-colour300dpi-fixed_Page_141.webp,docs/circuit-description/assets/originals/cs-7-887-text-p141.webp,sheet-map,publish,text-page,141,CS 7 887,Module C - video processing
unsorted-source-material/vp415 service manual/Original PNG/vp415-colour300dpi-fixed_Page_142.webp,docs/circuit-description/assets/originals/cs-7-888-text-p142.webp,sheet-map,publish,text-page,142,CS 7 888,Module D - reference source
unsorted-source-material/vp415 service manual/Original PNG/vp415-colour300dpi-fixed_Page_143.webp,docs/circuit-description/assets/originals/cs-7-889-text-p143.webp,sheet-map,publish,schematic,143,CS 7 889,Module E - slide drive
unsorted-source-material/vp415 service manual/Original PNG/vp415-colour300dpi-fixed_Page_144.webp,docs/circuit-description/assets/originals/cs-7-890-text-p144.webp,sheet-map,publish,schematic,144,CS 7 890,Module F - motor + sequence (running condition / frequency / phase control)
unsorted-source-material/vp415 service manual/Original PNG/vp415-colour300dpi-fixed_Page_145.webp,docs/circuit-description/assets/originals/cs-7-891-text-p145.webp,sheet-map,publish,text-page,145,CS 7 891,Module H - ETBC B
unsorted-source-material/vp415 service manual/Original PNG/vp415-colour300dpi-fixed_Page_146.webp,docs/circuit-description/assets/originals/cs-7-892-text-p146.webp,sheet-map,publish,text-page,146,CS 7 892,Module I - ETBC C
unsorted-source-material/vp415 service manual/Original PNG/vp415-colour300dpi-fixed_Page_147.webp,docs/circuit-description/assets/originals/cs-7-893-text-p147.webp,sheet-map,publish,schematic,147,CS 7 893,Module I - ETBC C (continued)
unsorted-source-material/vp415 service manual/Original PNG/vp415-colour300dpi-fixed_Page_148.webp,docs/circuit-description/assets/originals/cs-7-894-text-p148.webp,sheet-map,publish,schematic,148,CS 7 894,Module J - focus / Module K - HF processing
unsorted-source-material/vp415 service manual/Original PNG/vp415-colour300dpi-fixed_Page_149.webp,docs/circuit-description/assets/originals/cs-7-895-text-p149.webp,sheet-map,publish,text-page,149,CS 7 895,Module L - video drop-out correction
unsorted-source-material/vp415 service manual/Original PNG/vp415-colour300dpi-fixed_Page_150.webp,docs/circuit-description/assets/originals/cs-7-896-text-p150.webp,sheet-map,publish,text-page,150,CS 7 896,Module M - radial drive / Module N - display and keyboard
unsorted-source-material/vp415 service manual/Original PNG/vp415-colour300dpi-fixed_Page_151.webp,docs/circuit-description/assets/originals/cs-7-897-text-p151.webp,sheet-map,publish,schematic,151,CS 7 897,Module P - frontloader / Module R - drive processor
unsorted-source-material/vp415 service manual/Original PNG/vp415-colour300dpi-fixed_Page_152.webp,docs/circuit-description/assets/originals/cs-7-898-text-p152.webp,sheet-map,publish,schematic,152,CS 7 898,Module S - control (operation / watchdog)
unsorted-source-material/vp415 service manual/Original PNG/vp415-colour300dpi-fixed_Page_153.webp,docs/circuit-description/assets/originals/cs-7-899-text-p153.webp,sheet-map,publish,text-page,153,CS 7 899,Module Ua - analogue I/O CVBS + audio part
unsorted-source-material/vp415 service manual/Original PNG/vp415-colour300dpi-fixed_Page_154.webp,docs/circuit-description/assets/originals/cs-7-900-text-p154.webp,sheet-map,publish,text-page,154,CS 7 900,Module Ub - analogue I/O video part
unsorted-source-material/vp415 service manual/Original PNG/vp415-colour300dpi-fixed_Page_155.webp,docs/circuit-description/assets/originals/cs-7-901-text-p155.webp,sheet-map,publish,text-page,155,CS 7 901,Module Uc - analogue I/O TXT part
unsorted-source-material/vp415 service manual/Original PNG/vp415-colour300dpi-fixed_Page_156.webp,docs/circuit-description/assets/originals/cs-7-902-text-p156.webp,sheet-map,publish,text-page,156,CS 7 902,Module W - data grabber and CPU
unsorted-source-material/vp415 service manual/Original PNG/vp415-colour300dpi-fixed_Page_157.webp,docs/circuit-description/assets/originals/cs-7-903-text-p157.webp,sheet-map,publish,text-page,157,CS 7 903,Module W - header register / byte counter / RDY
unsorted-source-material/vp415 service manual/Original PNG/vp415-colour300dpi-fixed_Page_158.webp,docs/circuit-description/assets/originals/cs-7-904-text-p158.webp,sheet-map,publish,text-page,158,CS 7 904,Module W - CPU inputs and outputs
unsorted-source-material/vp415 service manual/Original PNG/vp415-colour300dpi-fixed_Page_159.webp,docs/circuit-description/assets/originals/cs-7-905-text-p159.webp,sheet-map,publish,text-page,159,CS 7 905,Module W - system clock / UPI-41 / SCSI interface
unsorted-source-material/vp415 service manual/Original PNG/vp415-colour300dpi-fixed_Page_160.webp,docs/circuit-description/assets/originals/cs-7-906-text-p160.webp,sheet-map,publish,text-page,160,CS 7 906,Module W - target ID / CPU memory map / port map
unsorted-source-material/vp415 service manual/Original PNG/vp415-colour300dpi-fixed_Page_161.webp,docs/circuit-description/assets/originals/cs-7-907-text-p161.webp,sheet-map,publish,text-page,161,CS 7 907,Module X - LV-ROM decoder
unsorted-source-material/vp415 service manual/Original PNG/vp415-colour300dpi-fixed_Page_162.webp,docs/circuit-description/assets/originals/cs-7-908-text-p162.webp,sheet-map,publish,text-page,162,CS 7 908,Module X - LV-ROM decoder (continued)
unsorted-source-material/vp415 service manual/Original PNG/vp415-colour300dpi-fixed_Page_163.webp,docs/circuit-description/assets/originals/cs-7-873-text-p163.webp,sheet-map,publish,text-page,163,CS 7 873,Module Z - deck electronics / laser supply
unsorted-source-material/vp415 service manual/Original PNG/vp415-colour300dpi-fixed_Page_164.webp,docs/service-information/assets/originals/divider-p164.webp,sheet-map,publish,text-page,164,,Chapter 8 divider (Service information)
unsorted-source-material/vp415 service manual/Original PNG/vp415-colour300dpi-fixed_Page_165.webp,docs/service-information/assets/originals/cs-8-262-text-p165.webp,sheet-map,publish,text-page,165,CS 8 262,Service information VP87-01 - survey of modifications
unsorted-source-material/vp415 service manual/Original PNG/vp415-colour300dpi-fixed_Page_166.webp,docs/service-information/assets/originals/cs-8-263-figure-p166.webp,sheet-map,publish,schematic,166,CS 8 263,Positioning of labels
unsorted-source-material/vp415 service manual/Original PNG/vp415-colour300dpi-fixed_Page_167.webp,docs/service-information/assets/originals/cs-8-264-table-p167.webp,sheet-map,publish,text-page,167,CS 8 264,Survey of modification levels VP415
unsorted-source-material/vp415 service manual/Original PNG/vp415-colour300dpi-fixed_Page_168.webp,docs/service-information/assets/originals/cs-8-265-table-p168.webp,sheet-map,publish,text-page,168,CS 8 265,Survey of modification levels (page 2/2)
unsorted-source-material/vp415 service manual/Original PNG/vp415-colour300dpi-fixed_Page_169.webp,docs/service-information/assets/originals/cs-8-266-table-p169.webp,sheet-map,publish,text-page,169,CS 8 266,Modification levels per module
unsorted-source-material/vp415 service manual/Original PNG/vp415-colour300dpi-fixed_Page_170.webp,docs/service-information/assets/originals/cs-8-267-table-p170.webp,sheet-map,publish,text-page,170,CS 8 267,Mod levels - RGB module B
unsorted-source-material/vp415 service manual/Original PNG/vp415-colour300dpi-fixed_Page_171.webp,docs/service-information/assets/originals/cs-8-268-table-p171.webp,sheet-map,publish,text-page,171,CS 8 268,Mod levels - video processor module C
unsorted-source-material/vp415 service manual/Original PNG/vp415-colour300dpi-fixed_Page_172.webp,docs/service-information/assets/originals/cs-8-269-table-p172.webp,sheet-map,publish,text-page,172,CS 8 269,Mod levels - motor + sequence module F
unsorted-source-material/vp415 service manual/Original PNG/vp415-colour300dpi-fixed_Page_173.webp,docs/service-information/assets/originals/cs-8-270-table-p173.webp,sheet-map,publish,text-page,173,CS 8 270,Mod levels - gen lock module G
unsorted-source-material/vp415 service manual/Original PNG/vp415-colour300dpi-fixed_Page_174.webp,docs/service-information/assets/originals/cs-8-271-table-p174.webp,sheet-map,publish,text-page,174,CS 8 271,Mod levels - ETBC B module H
unsorted-source-material/vp415 service manual/Original PNG/vp415-colour300dpi-fixed_Page_175.webp,docs/service-information/assets/originals/cs-8-272-table-p175.webp,sheet-map,publish,text-page,175,CS 8 272,Mod levels - ETBC-C module I
unsorted-source-material/vp415 service manual/Original PNG/vp415-colour300dpi-fixed_Page_176.webp,docs/service-information/assets/originals/cs-8-273-table-p176.webp,sheet-map,publish,text-page,176,CS 8 273,Mod levels - focus module J
unsorted-source-material/vp415 service manual/Original PNG/vp415-colour300dpi-fixed_Page_177.webp,docs/service-information/assets/originals/cs-8-274-table-p177.webp,sheet-map,publish,text-page,177,CS 8 274,Mod levels - HF processor module K
unsorted-source-material/vp415 service manual/Original PNG/vp415-colour300dpi-fixed_Page_178.webp,docs/service-information/assets/originals/cs-8-275-table-p178.webp,sheet-map,publish,text-page,178,CS 8 275,Mod levels - video correction module L
unsorted-source-material/vp415 service manual/Original PNG/vp415-colour300dpi-fixed_Page_179.webp,docs/service-information/assets/originals/cs-8-276-table-p179.webp,sheet-map,publish,text-page,179,CS 8 276,Mod levels - radial module M
unsorted-source-material/vp415 service manual/Original PNG/vp415-colour300dpi-fixed_Page_180.webp,docs/service-information/assets/originals/cs-8-277-table-p180.webp,sheet-map,publish,text-page,180,CS 8 277,Mod levels - drive processor module R
unsorted-source-material/vp415 service manual/Original PNG/vp415-colour300dpi-fixed_Page_181.webp,docs/service-information/assets/originals/cs-8-278-table-p181.webp,sheet-map,publish,text-page,181,CS 8 278,Mod levels - drive processor module R (continued)
unsorted-source-material/vp415 service manual/Original PNG/vp415-colour300dpi-fixed_Page_182.webp,docs/service-information/assets/originals/cs-8-279-table-p182.webp,sheet-map,publish,text-page,182,CS 8 279,Mod levels - control module S
unsorted-source-material/vp415 service manual/Original PNG/vp415-colour300dpi-fixed_Page_183.webp,docs/service-information/assets/originals/cs-8-280-table-p183.webp,sheet-map,publish,text-page,183,CS 8 280,Mod levels - supply module T
unsorted-source-material/vp415 service manual/Original PNG/vp415-colour300dpi-fixed_Page_184.webp,docs/service-information/assets/originals/cs-8-281-table-p184.webp,sheet-map,publish,text-page,184,CS 8 281,Mod levels - analog I/O module U
unsorted-source-material/vp415 service manual/Original PNG/vp415-colour300dpi-fixed_Page_185.webp,docs/service-information/assets/originals/cs-8-282-table-p185.webp,sheet-map,publish,text-page,185,CS 8 282,Mod levels - video mix module Y
unsorted-source-material/vp415 service manual/Original PNG/vp415-colour300dpi-fixed_Page_186.webp,docs/service-information/assets/originals/cs-8-283-table-p186.webp,sheet-map,publish,text-page,186,CS 8 283,Mod levels - deck electronics module Z
unsorted-source-material/vp415 service manual/Original PNG/vp415-colour300dpi-fixed_Page_187.webp,docs/service-information/assets/originals/cs-8-284-table-p187.webp,sheet-map,publish,text-page,187,CS 8 284,Survey of software releases VP410/415
unsorted-source-material/vp415 service manual/Original PNG/vp415-colour300dpi-fixed_Page_188.webp,docs/service-information/assets/originals/cs-8-285-text-p188.webp,sheet-map,publish,text-page,188,CS 8 285,Description of software modifications
unsorted-source-material/vp415 service manual/Original PNG/vp415-colour300dpi-fixed_Page_189.webp,docs/service-information/assets/originals/cs-8-286-table-p189.webp,sheet-map,publish,text-page,189,CS 8 286,Software - CONTROL (on module S)
unsorted-source-material/vp415 service manual/Original PNG/vp415-colour300dpi-fixed_Page_190.webp,docs/service-information/assets/originals/cs-8-287-table-p190.webp,sheet-map,publish,text-page,190,CS 8 287,Software - SYNC (on module W)
unsorted-source-material/vp415 service manual/Original PNG/vp415-colour300dpi-fixed_Page_191.webp,docs/service-information/assets/originals/cs-8-288-table-p191.webp,sheet-map,publish,text-page,191,CS 8 288,Software - DESCRAMBLER (on module W)
unsorted-source-material/vp415 service manual/Original PNG/vp415-colour300dpi-fixed_Page_192.webp,docs/service-information/assets/originals/cs-8-289-table-p192.webp,sheet-map,publish,text-page,192,CS 8 289,Software - LV-DOS#1 + LV-DOS#2 (on module W)
unsorted-source-material/vp415 service manual/Original PNG/vp415-colour300dpi-fixed_Page_193.webp,docs/service-information/assets/originals/cs-8-290-table-p193.webp,sheet-map,publish,text-page,193,CS 8 290,Fault symptoms and solutions
unsorted-source-material/vp415 service manual/Original PNG/vp415-colour300dpi-fixed_Page_194.webp,docs/service-information/assets/originals/cs-8-291-table-p194.webp,sheet-map,publish,text-page,194,CS 8 291,Start-up problems
unsorted-source-material/vp415 service manual/Original PNG/vp415-colour300dpi-fixed_Page_195.webp,docs/service-information/assets/originals/cs-8-292-table-p195.webp,sheet-map,publish,text-page,195,CS 8 292,Playability problems
unsorted-source-material/vp415 service manual/Original PNG/vp415-colour300dpi-fixed_Page_196.webp,docs/service-information/assets/originals/cs-8-293-table-p196.webp,sheet-map,publish,text-page,196,CS 8 293,Video problems
unsorted-source-material/vp415 service manual/Original PNG/vp415-colour300dpi-fixed_Page_197.webp,docs/service-information/assets/originals/cs-8-294-table-p197.webp,sheet-map,publish,text-page,197,CS 8 294,Communication problems
unsorted-source-material/Disassembly guide/PNG/Untitled-1.png,docs/general-service/assets/originals/vp415-demount-push-out-tray.png,asset-map,publish,schematic,,,demounting / exploded view
unsorted-source-material/Disassembly guide/PNG/Untitled-2.png,docs/general-service/assets/originals/vp415-demount-upper-case-and-frontloader.png,asset-map,publish,schematic,,,demounting / exploded view
unsorted-source-material/Disassembly guide/PNG/Untitled-3.png,docs/general-service/assets/originals/vp415-demount-optical-deck.png,asset-map,publish,schematic,,,demounting / exploded view
unsorted-source-material/Disassembly guide/PNG/Untitled-4.png,docs/general-service/assets/originals/vp415-demount-analog-io-module-u.png,asset-map,publish,schematic,,,demounting / exploded view
unsorted-source-material/Disassembly guide/PNG/Untitled-5.png,docs/general-service/assets/originals/vp415-demount-sandwich.png,asset-map,publish,schematic,,,demounting / exploded view
unsorted-source-material/Disassembly guide/PNG/vp415-colour300dpi-fixed_Page_102.png,docs/parts/assets/originals/exploded-cabinet-clean.png,asset-map,publish,schematic,,,cropped 2048px derivative of a manual page - the crop is editorial work worth keeping (manifest §11.2)
unsorted-source-material/Disassembly guide/PNG/vp415-colour300dpi-fixed_Page_103.png,docs/parts/assets/originals/exploded-sandwich-clean.png,asset-map,publish,schematic,,,cropped 2048px derivative of a manual page - the crop is editorial work worth keeping (manifest §11.2)
unsorted-source-material/Disassembly guide/PNG/vp415-colour300dpi-fixed_Page_104.png,docs/parts/assets/originals/exploded-frontloader-clean.png,asset-map,publish,schematic,,,cropped 2048px derivative of a manual page - the crop is editorial work worth keeping (manifest §11.2)
unsorted-source-material/Disassembly guide/PNG/vp415-colour300dpi-fixed_Page_105.png,docs/parts/assets/originals/exploded-disc-drive-clean.png,asset-map,publish,schematic,,,cropped 2048px derivative of a manual page - the crop is editorial work worth keeping (manifest §11.2)
unsorted-source-material/Disassembly guide/Philips-VP415-Back-panel annotated.jpg,docs/general-service/assets/originals/vp415-demount-rear-panel-screw.jpg,asset-map,publish,photo,,,demounting / exploded view
unsorted-source-material/Microcontroller dumps/Complete/D8041AHC_NEC_VP410_Module_S_Control.hex,docs/reference/assets/originals/firmware/Microcontroller dumps_Complete_D8041AHC_NEC_VP410_Module_S_Control.hex,asset-map,download,none,,,"checksums in planning/firmware-checksums.csv; 28 files, 11 distinct images"
unsorted-source-material/Microcontroller dumps/Complete/D8041AHC_NEC_VP415_Module_S_Control.hex,docs/reference/assets/originals/firmware/Microcontroller dumps_Complete_D8041AHC_NEC_VP415_Module_S_Control.hex,asset-map,download,none,,,"checksums in planning/firmware-checksums.csv; 28 files, 11 distinct images"
unsorted-source-material/Microcontroller dumps/Complete/D8041AHC_NEC_VP415_Module_W_CPU.hex,docs/reference/assets/originals/firmware/Microcontroller dumps_Complete_D8041AHC_NEC_VP415_Module_W_CPU.hex,asset-map,download,none,,,"checksums in planning/firmware-checksums.csv; 28 files, 11 distinct images"
unsorted-source-material/Microcontroller dumps/D8041AHC_NEC.pdf,docs/reference/assets/originals/datasheets/d8041ahc-nec.pdf,asset-map,download,none,,,device datasheet
unsorted-source-material/Microcontroller dumps/D8041AHC_NEC_VP415_Module_S_Control 2.hex,docs/reference/assets/originals/firmware/Microcontroller dumps_D8041AHC_NEC_VP415_Module_S_Control 2.hex,asset-map,download,none,,,"checksums in planning/firmware-checksums.csv; 28 files, 11 distinct images"
unsorted-source-material/Microcontroller dumps/D8041AHC_NEC_VP415_Module_S_Control 3.hex,docs/reference/assets/originals/firmware/Microcontroller dumps_D8041AHC_NEC_VP415_Module_S_Control 3.hex,asset-map,download,none,,,"checksums in planning/firmware-checksums.csv; 28 files, 11 distinct images"
unsorted-source-material/Microcontroller dumps/D8041AHC_NEC_VP415_Module_S_Control.hex,docs/reference/assets/originals/firmware/Microcontroller dumps_D8041AHC_NEC_VP415_Module_S_Control.hex,asset-map,download,none,,,"checksums in planning/firmware-checksums.csv; 28 files, 11 distinct images"
unsorted-source-material/Microcontroller dumps/D8041AHC_NEC_VP415_Module_W_CPU 2.hex,docs/reference/assets/originals/firmware/Microcontroller dumps_D8041AHC_NEC_VP415_Module_W_CPU 2.hex,asset-map,download,none,,,"checksums in planning/firmware-checksums.csv; 28 files, 11 distinct images"
unsorted-source-material/Microcontroller dumps/D8041AHC_NEC_VP415_Module_W_CPU 3.hex,docs/reference/assets/originals/firmware/Microcontroller dumps_D8041AHC_NEC_VP415_Module_W_CPU 3.hex,asset-map,download,none,,,"checksums in planning/firmware-checksums.csv; 28 files, 11 distinct images"
unsorted-source-material/Microcontroller dumps/D8041AHC_NEC_VP415_Module_W_CPU.hex,docs/reference/assets/originals/firmware/Microcontroller dumps_D8041AHC_NEC_VP415_Module_W_CPU.hex,asset-map,download,none,,,"checksums in planning/firmware-checksums.csv; 28 files, 11 distinct images"
unsorted-source-material/Microcontroller dumps/D8741A.pdf,docs/reference/assets/originals/datasheets/d8741a.pdf,asset-map,download,none,,,device datasheet
unsorted-source-material/Module Z diagrams/Deck electronics potentiometer layout.png,docs/reference/calibration/assets/originals/deck-electronics-potentiometer-layout.png,asset-map,publish,photo,,,annotated potentiometer photo
unsorted-source-material/Module Z diagrams/Deck electronics potentiometer layout.pptx,docs/reference/calibration/assets/originals/deck-electronics-potentiometer-layout.pptx,asset-map,publish,none,,,editable source (manifest §11.2)
unsorted-source-material/Module Z diagrams/Deck electronics potentiometers.png,docs/reference/calibration/assets/originals/deck-electronics-potentiometers.png,asset-map,publish,photo,,,annotated potentiometer photo
unsorted-source-material/Module Z diagrams/Deck electronics potentiometers.pptx,docs/reference/calibration/assets/originals/deck-electronics-potentiometers.pptx,asset-map,publish,none,,,editable source (manifest §11.2)
unsorted-source-material/Module Z diagrams/Module Z diagrams/Focus Gain.PNG,docs/reference/calibration/assets/originals/deck-focus-gain.png,asset-map,publish,scope-trace,,,deck electronics adjustment trace
unsorted-source-material/Module Z diagrams/Module Z diagrams/Focus Radial Ratio.PNG,docs/reference/calibration/assets/originals/deck-focus-radial-ratio.png,asset-map,publish,scope-trace,,,deck electronics adjustment trace
unsorted-source-material/Module Z diagrams/Module Z diagrams/HF Amplitude.PNG,docs/reference/calibration/assets/originals/deck-hf-amplitude.png,asset-map,publish,scope-trace,,,deck electronics adjustment trace
unsorted-source-material/Module Z diagrams/Module Z diagrams/Radial Balance.PNG,docs/reference/calibration/assets/originals/deck-radial-balance.png,asset-map,publish,scope-trace,,,deck electronics adjustment trace
unsorted-source-material/Module Z diagrams/Module Z diagrams/Radial Gain.PNG,docs/reference/calibration/assets/originals/deck-radial-gain.png,asset-map,publish,scope-trace,,,deck electronics adjustment trace
unsorted-source-material/Module Z diagrams/Module Z diagrams/Tilt Offset.PNG,docs/reference/calibration/assets/originals/deck-tilt-offset.png,asset-map,publish,scope-trace,,,deck electronics adjustment trace
unsorted-source-material/Module photos/Module Layout.jpg,docs/system/assets/originals/module-layout-annotated.jpg,asset-map,publish,photo,,,annotated overhead shot naming all 18 in-situ modules
unsorted-source-material/Module photos/Module Layout.pptx,docs/system/assets/originals/module-layout-annotated.pptx,asset-map,publish,none,,,editable source of the annotations (manifest §11.2)
unsorted-source-material/Module photos/Module V diagram.jpg,docs/modules/v-module-carrier/assets/originals/module-carrier-diagram.jpg,asset-map,publish,photo,,,
unsorted-source-material/Module photos/Plug in modules/Module A - Audio Proc bottom.jpg,docs/modules/a-audio-processor/assets/originals/a-audio-processor-bottom.jpg,asset-map,publish,module-photo,,,
unsorted-source-material/Module photos/Plug in modules/Module A - Audio Proc top.jpg,docs/modules/a-audio-processor/assets/originals/a-audio-processor-top.jpg,asset-map,publish,module-photo,,,
unsorted-source-material/Module photos/Plug in modules/Module B - RGB bottom.jpg,docs/modules/b-rgb/assets/originals/b-rgb-bottom.jpg,asset-map,publish,module-photo,,,
unsorted-source-material/Module photos/Plug in modules/Module B - RGB top.jpg,docs/modules/b-rgb/assets/originals/b-rgb-top.jpg,asset-map,publish,module-photo,,,
unsorted-source-material/Module photos/Plug in modules/Module C - Video Proc bottom.jpg,docs/modules/c-video-processor/assets/originals/c-video-processor-bottom.jpg,asset-map,publish,module-photo,,,
unsorted-source-material/Module photos/Plug in modules/Module C - Video Proc top.jpg,docs/modules/c-video-processor/assets/originals/c-video-processor-top.jpg,asset-map,publish,module-photo,,,
unsorted-source-material/Module photos/Plug in modules/Module D - Ref Source bottom.jpg,docs/modules/d-reference-source/assets/originals/d-reference-source-bottom.jpg,asset-map,publish,module-photo,,,
unsorted-source-material/Module photos/Plug in modules/Module D - Ref Source top.jpg,docs/modules/d-reference-source/assets/originals/d-reference-source-top.jpg,asset-map,publish,module-photo,,,
unsorted-source-material/Module photos/Plug in modules/Module E - Slide Drive bottom.jpg,docs/modules/e-slide-drive/assets/originals/e-slide-drive-bottom.jpg,asset-map,publish,module-photo,,,
unsorted-source-material/Module photos/Plug in modules/Module E - Slide Drive top.jpg,docs/modules/e-slide-drive/assets/originals/e-slide-drive-top.jpg,asset-map,publish,module-photo,,,
unsorted-source-material/Module photos/Plug in modules/Module F - Motor bottom.jpg,docs/modules/f-motor-sequence/assets/originals/f-motor-sequence-bottom.jpg,asset-map,publish,module-photo,,,
unsorted-source-material/Module photos/Plug in modules/Module F - Motor top.jpg,docs/modules/f-motor-sequence/assets/originals/f-motor-sequence-top.jpg,asset-map,publish,module-photo,,,
unsorted-source-material/Module photos/Plug in modules/Module G - Genlock bottom.jpg,docs/modules/g-genlock/assets/originals/g-genlock-bottom.jpg,asset-map,publish,module-photo,,,
unsorted-source-material/Module photos/Plug in modules/Module G - Genlock top.jpg,docs/modules/g-genlock/assets/originals/g-genlock-top.jpg,asset-map,publish,module-photo,,,
unsorted-source-material/Module photos/Plug in modules/Module H - ETBC B bottom.jpg,docs/modules/h-etbc-b/assets/originals/h-etbc-b-bottom.jpg,asset-map,publish,module-photo,,,
unsorted-source-material/Module photos/Plug in modules/Module H - ETBC B top.jpg,docs/modules/h-etbc-b/assets/originals/h-etbc-b-top.jpg,asset-map,publish,module-photo,,,
unsorted-source-material/Module photos/Plug in modules/Module I - ETBC C bottom.jpg,docs/modules/i-etbc-c/assets/originals/i-etbc-c-bottom.jpg,asset-map,publish,module-photo,,,
unsorted-source-material/Module photos/Plug in modules/Module I - ETBC C top.jpg,docs/modules/i-etbc-c/assets/originals/i-etbc-c-top.jpg,asset-map,publish,module-photo,,,
unsorted-source-material/Module photos/Plug in modules/Module K - HF Proc bottom.jpg,docs/modules/k-hf-processor/assets/originals/k-hf-processor-bottom.jpg,asset-map,publish,module-photo,,,
unsorted-source-material/Module photos/Plug in modules/Module K - HF Proc top.jpg,docs/modules/k-hf-processor/assets/originals/k-hf-processor-top.jpg,asset-map,publish,module-photo,,,
unsorted-source-material/Module photos/Plug in modules/Module L - Video DO Corr bottom.jpg,docs/modules/l-video-dropout-correction/assets/originals/l-video-dropout-correction-bottom.jpg,asset-map,publish,module-photo,,,
unsorted-source-material/Module photos/Plug in modules/Module L - Video DO Corr top.jpg,docs/modules/l-video-dropout-correction/assets/originals/l-video-dropout-correction-top.jpg,asset-map,publish,module-photo,,,
unsorted-source-material/Module photos/Plug in modules/Module M - Radial bottom.jpg,docs/modules/m-radial/assets/originals/m-radial-bottom.jpg,asset-map,publish,module-photo,,,
unsorted-source-material/Module photos/Plug in modules/Module M - Radial top.jpg,docs/modules/m-radial/assets/originals/m-radial-top.jpg,asset-map,publish,module-photo,,,
unsorted-source-material/Module photos/Plug in modules/Module P - Front Loader bottom.jpg,docs/modules/p-frontloader/assets/originals/p-frontloader-bottom.jpg,asset-map,publish,module-photo,,,
unsorted-source-material/Module photos/Plug in modules/Module P - Front Loader top.jpg,docs/modules/p-frontloader/assets/originals/p-frontloader-top.jpg,asset-map,publish,module-photo,,,
unsorted-source-material/Module photos/Plug in modules/Module R - Drive Proc bottom.jpg,docs/modules/r-drive-processor/assets/originals/r-drive-processor-bottom.jpg,asset-map,publish,module-photo,,,
unsorted-source-material/Module photos/Plug in modules/Module R - Drive Proc top.jpg,docs/modules/r-drive-processor/assets/originals/r-drive-processor-top.jpg,asset-map,publish,module-photo,,,
unsorted-source-material/Module photos/Plug in modules/Module S - Control bottom.jpg,docs/modules/s-control/assets/originals/s-control-bottom.jpg,asset-map,publish,module-photo,,,
unsorted-source-material/Module photos/Plug in modules/Module S - Control top.jpg,docs/modules/s-control/assets/originals/s-control-top.jpg,asset-map,publish,module-photo,,,
unsorted-source-material/Module photos/Plug in modules/Module T - Supply top.jpg,docs/modules/t-supply/assets/originals/t-supply-top.jpg,asset-map,publish,module-photo,,,
unsorted-source-material/Module photos/Plug in modules/Module U - Analog IO bottom.jpg,docs/modules/u-analog-io/assets/originals/u-analog-io-bottom.jpg,asset-map,publish,module-photo,,,
unsorted-source-material/Module photos/Plug in modules/Module U - Analog IO top.jpg,docs/modules/u-analog-io/assets/originals/u-analog-io-top.jpg,asset-map,publish,module-photo,,,
unsorted-source-material/Module photos/Plug in modules/Module W - CPU and Datagrabber bottom.jpg,docs/modules/w-cpu-data-grabber/assets/originals/w-cpu-data-grabber-bottom.jpg,asset-map,publish,module-photo,,,
unsorted-source-material/Module photos/Plug in modules/Module W - CPU and Datagrabber top.jpg,docs/modules/w-cpu-data-grabber/assets/originals/w-cpu-data-grabber-top.jpg,asset-map,publish,module-photo,,,
unsorted-source-material/Module photos/Plug in modules/Module X - LV-ROM Dec bottom.jpg,docs/modules/x-lv-rom-decoder/assets/originals/x-lv-rom-decoder-bottom.jpg,asset-map,publish,module-photo,,,
unsorted-source-material/Module photos/Plug in modules/Module X - LV-ROM Dec top.jpg,docs/modules/x-lv-rom-decoder/assets/originals/x-lv-rom-decoder-top.jpg,asset-map,publish,module-photo,,,
unsorted-source-material/Module photos/Plug in modules/Module Y - VidMix bottom.jpg,docs/modules/y-video-mixer/assets/originals/y-video-mixer-bottom.jpg,asset-map,publish,module-photo,,,
unsorted-source-material/Module photos/Plug in modules/Module Y - VidMix top.jpg,docs/modules/y-video-mixer/assets/originals/y-video-mixer-top.jpg,asset-map,publish,module-photo,,,
unsorted-source-material/Module photos/Plug in modules/Remote control top.jpg,docs/modules/remote-control/assets/originals/remote-control-top.jpg,asset-map,publish,module-photo,,,
unsorted-source-material/Module photos/Plug in modules/Rermote control bottom.jpg,docs/modules/remote-control/assets/originals/remote-control-bottom.jpg,asset-map,publish,module-photo,,,
unsorted-source-material/Pictures/415Photos/415Photos/IMG_5845.JPG,docs/overview/assets/originals/img-5845.jpg,asset-map,publish,photo,,,exterior photograph - chapter 1 controls and connections
unsorted-source-material/Pictures/415Photos/415Photos/IMG_5846.JPG,docs/overview/assets/originals/img-5846.jpg,asset-map,publish,photo,,,exterior photograph - chapter 1 controls and connections
unsorted-source-material/Pictures/415Photos/415Photos/IMG_5847.JPG,docs/overview/assets/originals/img-5847.jpg,asset-map,publish,photo,,,exterior photograph - chapter 1 controls and connections
unsorted-source-material/Pictures/415Photos/415Photos/IMG_5848.JPG,docs/overview/assets/originals/img-5848.jpg,asset-map,publish,photo,,,exterior photograph - chapter 1 controls and connections
unsorted-source-material/Pictures/415Photos/415Photos/IMG_5849.JPG,docs/overview/assets/originals/img-5849.jpg,asset-map,publish,photo,,,exterior photograph - chapter 1 controls and connections
unsorted-source-material/Pictures/415Photos/415Photos/IMG_5850.JPG,docs/overview/assets/originals/img-5850.jpg,asset-map,publish,photo,,,exterior photograph - chapter 1 controls and connections
unsorted-source-material/Pictures/415Photos/415Photos/IMG_5851.JPG,docs/overview/assets/originals/img-5851.jpg,asset-map,publish,photo,,,exterior photograph - chapter 1 controls and connections
unsorted-source-material/Pictures/415Photos/415Photos/IMG_5852.JPG,docs/overview/assets/originals/img-5852.jpg,asset-map,publish,photo,,,exterior photograph - chapter 1 controls and connections
unsorted-source-material/Pictures/415Photos/415Photos/IMG_5853.JPG,docs/overview/assets/originals/img-5853.jpg,asset-map,publish,photo,,,exterior photograph - chapter 1 controls and connections
unsorted-source-material/Pictures/415Photos/415Photos/IMG_5854.JPG,docs/overview/assets/originals/img-5854.jpg,asset-map,publish,photo,,,exterior photograph - chapter 1 controls and connections
unsorted-source-material/Pictures/415Photos/415Photos/IMG_5855.JPG,docs/overview/assets/originals/img-5855.jpg,asset-map,publish,photo,,,exterior photograph - chapter 1 controls and connections
unsorted-source-material/Pictures/415Photos/415Photos/IMG_5856.JPG,docs/overview/assets/originals/img-5856.jpg,asset-map,publish,photo,,,exterior photograph - chapter 1 controls and connections
unsorted-source-material/Pictures/415Photos/415Photos/IMG_5857.JPG,docs/overview/assets/originals/img-5857.jpg,asset-map,publish,photo,,,exterior photograph - chapter 1 controls and connections
unsorted-source-material/Pictures/415Photos/415Photos/IMG_5858.JPG,docs/overview/assets/originals/img-5858.jpg,asset-map,publish,photo,,,exterior photograph - chapter 1 controls and connections
unsorted-source-material/Pictures/415Photos/415Photos/IMG_5859.JPG,docs/overview/assets/originals/img-5859.jpg,asset-map,publish,photo,,,exterior photograph - chapter 1 controls and connections
unsorted-source-material/Pictures/415Photos/415Photos/IMG_5863.JPG,docs/overview/assets/originals/img-5863.jpg,asset-map,publish,photo,,,exterior photograph - chapter 1 controls and connections
unsorted-source-material/Pictures/415Photos/415Photos/IMG_5864.JPG,docs/overview/assets/originals/img-5864.jpg,asset-map,publish,photo,,,exterior photograph - chapter 1 controls and connections
unsorted-source-material/Pictures/415Photos/415Photos/IMG_5865.JPG,docs/overview/assets/originals/img-5865.jpg,asset-map,publish,photo,,,exterior photograph - chapter 1 controls and connections
unsorted-source-material/Pictures/415Photos/415Photos/IMG_5866.JPG,docs/overview/assets/originals/img-5866.jpg,asset-map,publish,photo,,,exterior photograph - chapter 1 controls and connections
unsorted-source-material/Pictures/415Photos/415Photos/IMG_5867.JPG,docs/overview/assets/originals/img-5867.jpg,asset-map,publish,photo,,,exterior photograph - chapter 1 controls and connections
unsorted-source-material/Pictures/415Photos/415Photos/IMG_5868.JPG,docs/overview/assets/originals/img-5868.jpg,asset-map,publish,photo,,,exterior photograph - chapter 1 controls and connections
unsorted-source-material/Pictures/415Photos/415Photos/IMG_5869.JPG,docs/overview/assets/originals/img-5869.jpg,asset-map,publish,photo,,,exterior photograph - chapter 1 controls and connections
unsorted-source-material/Pictures/DSC00262.JPG,docs/overview/assets/originals/dsc00262.jpg,asset-map,publish,photo,,,exterior photograph - chapter 1 controls and connections
unsorted-source-material/Pictures/DSC00263.JPG,docs/overview/assets/originals/dsc00263.jpg,asset-map,publish,photo,,,exterior photograph - chapter 1 controls and connections
unsorted-source-material/Pictures/DSC00264.JPG,docs/overview/assets/originals/dsc00264.jpg,asset-map,publish,photo,,,exterior photograph - chapter 1 controls and connections
unsorted-source-material/Pictures/DSC00265.JPG,docs/overview/assets/originals/dsc00265.jpg,asset-map,publish,photo,,,exterior photograph - chapter 1 controls and connections
unsorted-source-material/Pictures/DSC00266.JPG,docs/overview/assets/originals/dsc00266.jpg,asset-map,publish,photo,,,exterior photograph - chapter 1 controls and connections
unsorted-source-material/Pictures/DSC00267.JPG,docs/overview/assets/originals/dsc00267.jpg,asset-map,publish,photo,,,exterior photograph - chapter 1 controls and connections
unsorted-source-material/Pictures/DSC00282.JPG,docs/overview/assets/originals/dsc00282.jpg,asset-map,publish,photo,,,exterior photograph - chapter 1 controls and connections
unsorted-source-material/Pictures/DSC00283.JPG,docs/overview/assets/originals/dsc00283.jpg,asset-map,publish,photo,,,exterior photograph - chapter 1 controls and connections
unsorted-source-material/Pictures/DSC00284.JPG,docs/overview/assets/originals/dsc00284.jpg,asset-map,publish,photo,,,exterior photograph - chapter 1 controls and connections
unsorted-source-material/Pictures/Philips VP415 LaserVision Player Rear.jpg,docs/overview/assets/originals/philips-vp415-laservision-player-rear.jpg,asset-map,publish,photo,,,exterior photograph - chapter 1 controls and connections
unsorted-source-material/Pictures/Philips VP415 LaserVision Player.jpg,docs/overview/assets/originals/philips-vp415-laservision-player.jpg,asset-map,publish,photo,,,exterior photograph - chapter 1 controls and connections
unsorted-source-material/VP415 ROM dumps/Rom descriptions.txt,docs/reference/assets/originals/rom-descriptions.txt,asset-map,convert,none,,,provenance note quoted on the firmware page
unsorted-source-material/VP415 ROM dumps/VP410 S Module - Control A 3104 103 68114.BIN,docs/reference/assets/originals/firmware/VP415 ROM dumps_VP410 S Module - Control A 3104 103 68114.BIN,asset-map,download,none,,,"checksums in planning/firmware-checksums.csv; 28 files, 11 distinct images"
unsorted-source-material/VP415 ROM dumps/VP415 ROM images/R 3104 103 6803 6 DRIVE V1_7 0x68FF.BIN,docs/reference/assets/originals/firmware/VP415 ROM dumps_VP415 ROM images_R 3104 103 6803 6 DRIVE V1_7 0x68FF.BIN,asset-map,download,none,,,"checksums in planning/firmware-checksums.csv; 28 files, 11 distinct images"
unsorted-source-material/VP415 ROM dumps/VP415 ROM images/S 3104 103 6804 9 CONTROL V1_8 0x6728.BIN,docs/reference/assets/originals/firmware/VP415 ROM dumps_VP415 ROM images_S 3104 103 6804 9 CONTROL V1_8 0x6728.BIN,asset-map,download,none,,,"checksums in planning/firmware-checksums.csv; 28 files, 11 distinct images"
unsorted-source-material/VP415 ROM dumps/VP415 ROM images/W 3104 103 6805 2 CPU V1_3 0xB42D.BIN,docs/reference/assets/originals/firmware/VP415 ROM dumps_VP415 ROM images_W 3104 103 6805 2 CPU V1_3 0xB42D.BIN,asset-map,download,none,,,"checksums in planning/firmware-checksums.csv; 28 files, 11 distinct images"
unsorted-source-material/VP415 ROM dumps/VP415 ROM images/W 3104 103 6805 3 CPU V1_4 0x8F90.BIN,docs/reference/assets/originals/firmware/VP415 ROM dumps_VP415 ROM images_W 3104 103 6805 3 CPU V1_4 0x8F90.BIN,asset-map,download,none,,,"checksums in planning/firmware-checksums.csv; 28 files, 11 distinct images"
unsorted-source-material/VP415 ROM dumps/VP415 ROM images/W 3104 103 6806 2 CPU V1_3 0x1A1C.BIN,docs/reference/assets/originals/firmware/VP415 ROM dumps_VP415 ROM images_W 3104 103 6806 2 CPU V1_3 0x1A1C.BIN,asset-map,download,none,,,"checksums in planning/firmware-checksums.csv; 28 files, 11 distinct images"
unsorted-source-material/VP415 ROM dumps/VP415 ROM images/W 3104 103 6806 3 CPU V1_4 0x56D7.BIN,docs/reference/assets/originals/firmware/VP415 ROM dumps_VP415 ROM images_W 3104 103 6806 3 CPU V1_4 0x56D7.BIN,asset-map,download,none,,,"checksums in planning/firmware-checksums.csv; 28 files, 11 distinct images"
unsorted-source-material/VP415 ROM dumps/VP415 ROM images/W 3104 103 6807 0 CPU V1_0 0x1FBE.BIN,docs/reference/assets/originals/firmware/VP415 ROM dumps_VP415 ROM images_W 3104 103 6807 0 CPU V1_0 0x1FBE.BIN,asset-map,download,none,,,"checksums in planning/firmware-checksums.csv; 28 files, 11 distinct images"
unsorted-source-material/VP415 ROM dumps/VP415 ROM images/W 3104 103 6808 0 CPU V1_0 0xD120.BIN,docs/reference/assets/originals/firmware/VP415 ROM dumps_VP415 ROM images_W 3104 103 6808 0 CPU V1_0 0xD120.BIN,asset-map,download,none,,,"checksums in planning/firmware-checksums.csv; 28 files, 11 distinct images"
unsorted-source-material/VP415 ROM dumps/VP415 ROM version survey.jpg,docs/reference/assets/originals/cs-8-284-software-release-survey-cropped.jpg,asset-map,publish,photo,,,CS 8 284 rotated upright; duplicates manual sheet 187
unsorted-source-material/VP415 ROM dumps/VP415 ROM version survey.png,docs/reference/assets/originals/cs-8-284-software-release-survey-upright.png,asset-map,publish,photo,,,CS 8 284 rotated upright; duplicates manual sheet 187
unsorted-source-material/VP415 ROM dumps/domesday_6803_drive.bin,docs/reference/assets/originals/firmware/VP415 ROM dumps_domesday_6803_drive.bin,asset-map,download,none,,,"checksums in planning/firmware-checksums.csv; 28 files, 11 distinct images"
unsorted-source-material/VP415 ROM dumps/domesday_scsi_6807.rom,docs/reference/assets/originals/firmware/VP415 ROM dumps_domesday_scsi_6807.rom,asset-map,download,none,,,"checksums in planning/firmware-checksums.csv; 28 files, 11 distinct images"
unsorted-source-material/VP415 ROM dumps/domesday_scsi_6808.rom,docs/reference/assets/originals/firmware/VP415 ROM dumps_domesday_scsi_6808.rom,asset-map,download,none,,,"checksums in planning/firmware-checksums.csv; 28 files, 11 distinct images"
unsorted-source-material/VP415 ROM dumps/drive_rom_sdi.BIN,docs/reference/assets/originals/firmware/VP415 ROM dumps_drive_rom_sdi.BIN,asset-map,download,none,,,"checksums in planning/firmware-checksums.csv; 28 files, 11 distinct images"
unsorted-source-material/VP415 ROM dumps/old VP415 ROMs/W 3104 103 6805 2 CPU V1_3 0xB42D.bin,docs/reference/assets/originals/firmware/VP415 ROM dumps_old VP415 ROMs_W 3104 103 6805 2 CPU V1_3 0xB42D.bin,asset-map,download,none,,,"checksums in planning/firmware-checksums.csv; 28 files, 11 distinct images"
unsorted-source-material/VP415 ROM dumps/old VP415 ROMs/W 3104 103 6806 2 CPU V1_3 0x1A1C.bin,docs/reference/assets/originals/firmware/VP415 ROM dumps_old VP415 ROMs_W 3104 103 6806 2 CPU V1_3 0x1A1C.bin,asset-map,download,none,,,"checksums in planning/firmware-checksums.csv; 28 files, 11 distinct images"
unsorted-source-material/VP415 ROM dumps/old VP415 ROMs/same/domesday_6803_drive 0x68FF.rom,docs/reference/assets/originals/firmware/VP415 ROM dumps_old VP415 ROMs_same_domesday_6803_drive 0x68FF.rom,asset-map,download,none,,,"checksums in planning/firmware-checksums.csv; 28 files, 11 distinct images"
unsorted-source-material/VP415 ROM dumps/old VP415 ROMs/same/domesday_6804_control 0x6728.rom,docs/reference/assets/originals/firmware/VP415 ROM dumps_old VP415 ROMs_same_domesday_6804_control 0x6728.rom,asset-map,download,none,,,"checksums in planning/firmware-checksums.csv; 28 files, 11 distinct images"
unsorted-source-material/VP415 ROM dumps/old VP415 ROMs/same/domesday_6807_descrambler 0x1FBE.rom,docs/reference/assets/originals/firmware/VP415 ROM dumps_old VP415 ROMs_same_domesday_6807_descrambler 0x1FBE.rom,asset-map,download,none,,,"checksums in planning/firmware-checksums.csv; 28 files, 11 distinct images"
unsorted-source-material/VP415 ROM dumps/old VP415 ROMs/same/domesday_6808_sync 0xD120.rom,docs/reference/assets/originals/firmware/VP415 ROM dumps_old VP415 ROMs_same_domesday_6808_sync 0xD120.rom,asset-map,download,none,,,"checksums in planning/firmware-checksums.csv; 28 files, 11 distinct images"
unsorted-source-material/VP415 repair/7/Diagnostic mode reports error 7.docx,docs/repair/case-studies/assets/originals/diagnostic-mode-reports-error-7.docx,asset-map,convert,none,,,converted to docs/repair/case-studies/error-7-focus.md in phase 6
unsorted-source-material/VP415 repair/7/FOC-ER input to Module J.png,docs/repair/case-studies/assets/originals/error-7-focus-foc-er-input-to-module-j.png,asset-map,publish,scope-trace,,,scope trace for the error-7-focus investigation
unsorted-source-material/VP415 repair/7/Module J DSG of 6206.png,docs/repair/case-studies/assets/originals/error-7-focus-module-j-dsg-of-6206.png,asset-map,publish,scope-trace,,,scope trace for the error-7-focus investigation
unsorted-source-material/VP415 repair/7/Module J test FOC-ER and pins5-6 7001.png,docs/repair/case-studies/assets/originals/error-7-focus-module-j-test-foc-er-and-pins5-6-7001.png,asset-map,publish,scope-trace,,,scope trace for the error-7-focus investigation
unsorted-source-material/VP415 repair/7/Module J test from startup to fail in diagnostic mode.png,docs/repair/case-studies/assets/originals/error-7-focus-module-j-test-from-startup-to-fail-in-diagnostic-mode.png,asset-map,publish,scope-trace,,,scope trace for the error-7-focus investigation
unsorted-source-material/VP415 repair/Diagnostic mode reports error 9.docx,docs/repair/case-studies/assets/originals/diagnostic-mode-reports-error-9.docx,asset-map,convert,none,,,converted to docs/repair/case-studies/error-9-frame-lock.md in phase 6
unsorted-source-material/VP415 repair/Module G 1G1.png,docs/repair/case-studies/assets/originals/error-9-frame-lock-module-g-1g1.png,asset-map,publish,scope-trace,,,scope trace for the error-9-frame-lock investigation
unsorted-source-material/VP415 repair/Module G 2G1.png,docs/repair/case-studies/assets/originals/error-9-frame-lock-module-g-2g1.png,asset-map,publish,scope-trace,,,scope trace for the error-9-frame-lock investigation
unsorted-source-material/VP415 repair/Module G 3G2.png,docs/repair/case-studies/assets/originals/error-9-frame-lock-module-g-3g2.png,asset-map,publish,scope-trace,,,scope trace for the error-9-frame-lock investigation
unsorted-source-material/VP415 repair/Module G 6G1.png,docs/repair/case-studies/assets/originals/error-9-frame-lock-module-g-6g1.png,asset-map,publish,scope-trace,,,scope trace for the error-9-frame-lock investigation
unsorted-source-material/VP415 repair/Module G 6G2.png,docs/repair/case-studies/assets/originals/error-9-frame-lock-module-g-6g2.png,asset-map,publish,scope-trace,,,scope trace for the error-9-frame-lock investigation
unsorted-source-material/VP415 repair/Module G 8G1.png,docs/repair/case-studies/assets/originals/error-9-frame-lock-module-g-8g1.png,asset-map,publish,scope-trace,,,scope trace for the error-9-frame-lock investigation
unsorted-source-material/VP415 repair/Module G E 7014.png,docs/repair/case-studies/assets/originals/error-9-frame-lock-module-g-e-7014.png,asset-map,publish,scope-trace,,,scope trace for the error-9-frame-lock investigation
unsorted-source-material/VP415 repair/RGB Module calibration/Adjustment L5002 post.png,docs/reference/calibration/assets/originals/adjustment-l5002-post.png,asset-map,publish,scope-trace,,,RGB calibration capture
unsorted-source-material/VP415 repair/RGB Module calibration/Adjustment L5002 pre.png,docs/reference/calibration/assets/originals/adjustment-l5002-pre.png,asset-map,publish,scope-trace,,,RGB calibration capture
unsorted-source-material/VP415 repair/RGB Module calibration/Adjustment L5003 post.png,docs/reference/calibration/assets/originals/adjustment-l5003-post.png,asset-map,publish,scope-trace,,,RGB calibration capture
unsorted-source-material/VP415 repair/RGB Module calibration/Adjustment L5004 post.png,docs/reference/calibration/assets/originals/adjustment-l5004-post.png,asset-map,publish,scope-trace,,,RGB calibration capture
unsorted-source-material/VP415 repair/RGB Module calibration/Adjustment L5004 pre.png,docs/reference/calibration/assets/originals/adjustment-l5004-pre.png,asset-map,publish,scope-trace,,,RGB calibration capture
unsorted-source-material/VP415 repair/RGB Module calibration/Adjustment R3045 post.png,docs/reference/calibration/assets/originals/adjustment-r3045-post.png,asset-map,publish,scope-trace,,,RGB calibration capture
unsorted-source-material/VP415 repair/RGB Module calibration/Adjustment R3045 pre.png,docs/reference/calibration/assets/originals/adjustment-r3045-pre.png,asset-map,publish,scope-trace,,,RGB calibration capture
unsorted-source-material/VP415 repair/RGB Module calibration/Adjustment R308 pre.png,docs/reference/calibration/assets/originals/adjustment-r308-pre.png,asset-map,publish,scope-trace,,,RGB calibration capture
unsorted-source-material/VP415 repair/RGB Module calibration/Adjustment R3080 post.png,docs/reference/calibration/assets/originals/adjustment-r3080-post.png,asset-map,publish,scope-trace,,,RGB calibration capture
unsorted-source-material/VP415 repair/RGB Module calibration/Adjustment R3080 pre 2.png,docs/reference/calibration/assets/originals/adjustment-r3080-pre-2.png,asset-map,publish,scope-trace,,,RGB calibration capture
unsorted-source-material/VP415 repair/RGB Module calibration/Adjustment R3080 pre.png,docs/reference/calibration/assets/originals/adjustment-r3080-pre.png,asset-map,publish,scope-trace,,,RGB calibration capture
unsorted-source-material/VP415 repair/RGB Module calibration/Adjustment R3082 post.png,docs/reference/calibration/assets/originals/adjustment-r3082-post.png,asset-map,publish,scope-trace,,,RGB calibration capture
unsorted-source-material/VP415 repair/RGB Module calibration/Adjustment R3082 pre.png,docs/reference/calibration/assets/originals/adjustment-r3082-pre.png,asset-map,publish,scope-trace,,,RGB calibration capture
unsorted-source-material/VP415 repair/RGB Module calibration/Adjustment R3084 post.png,docs/reference/calibration/assets/originals/adjustment-r3084-post.png,asset-map,publish,scope-trace,,,RGB calibration capture
unsorted-source-material/VP415 repair/RGB Module calibration/Adjustment R3084 pre.png,docs/reference/calibration/assets/originals/adjustment-r3084-pre.png,asset-map,publish,scope-trace,,,RGB calibration capture
unsorted-source-material/VP415 repair/RGB Module calibration/Calibration and adjustment of RGB Module.docx,docs/reference/calibration/assets/originals/calibration-and-adjustment-of-rgb-module.docx,asset-map,convert,none,,,converted to docs/reference/calibration/rgb-module.md in phase 6
unsorted-source-material/VP415 repair/RGB Module calibration/RGB Module diagram.pptx,docs/reference/calibration/assets/originals/rgb-module-diagram.pptx,asset-map,publish,none,,,editable source (manifest §11.2)
unsorted-source-material/VP415 repair/RGB Module calibration/documentation images/B-Signal after black-level adjustment 4B3.png,docs/reference/calibration/assets/originals/b-signal-after-black-level-adjustment-4b3.png,asset-map,publish,scope-trace,,,RGB calibration capture
unsorted-source-material/VP415 repair/RGB Module calibration/documentation images/B-signal adjustment of 3084.png,docs/reference/calibration/assets/originals/b-signal-adjustment-of-3084.png,asset-map,publish,scope-trace,,,RGB calibration capture
unsorted-source-material/VP415 repair/RGB Module calibration/documentation images/Bandpass adjustment on IC 7201 pin 15.png,docs/reference/calibration/assets/originals/bandpass-adjustment-on-ic-7201-pin-15.png,asset-map,publish,scope-trace,,,RGB calibration capture
unsorted-source-material/VP415 repair/RGB Module calibration/documentation images/CVBS input signal on 1B1.png,docs/reference/calibration/assets/originals/cvbs-input-signal-on-1b1.png,asset-map,publish,scope-trace,,,RGB calibration capture
unsorted-source-material/VP415 repair/RGB Module calibration/documentation images/Chroma over and under shoot adjustment on 10B3.png,docs/reference/calibration/assets/originals/chroma-over-and-under-shoot-adjustment-on-10b3.png,asset-map,publish,scope-trace,,,RGB calibration capture
unsorted-source-material/VP415 repair/RGB Module calibration/documentation images/Chroma rest adjustment 10B3 of L5002.png,docs/reference/calibration/assets/originals/chroma-rest-adjustment-10b3-of-l5002.png,asset-map,publish,scope-trace,,,RGB calibration capture
unsorted-source-material/VP415 repair/RGB Module calibration/documentation images/G-signal after luminance adjustment 3B3.png,docs/reference/calibration/assets/originals/g-signal-after-luminance-adjustment-3b3.png,asset-map,publish,scope-trace,,,RGB calibration capture
unsorted-source-material/VP415 repair/RGB Module calibration/documentation images/R-signal after adjustment 2B3.png,docs/reference/calibration/assets/originals/r-signal-after-adjustment-2b3.png,asset-map,publish,scope-trace,,,RGB calibration capture
unsorted-source-material/VP415 repair/RGB Module calibration/documentation images/RGB Module diagram.png,docs/reference/calibration/assets/originals/rgb-module-diagram.png,asset-map,publish,scope-trace,,,RGB calibration capture
unsorted-source-material/VP415 repair/RGB Module calibration/documentation images/Vector Diagram Colour Bar.png,docs/reference/calibration/assets/originals/vector-diagram-colour-bar.png,asset-map,publish,scope-trace,,,RGB calibration capture
unsorted-source-material/VP415 repair/RGB Module calibration/documentation images/Vector diagram after adjustment of 2015.png,docs/reference/calibration/assets/originals/vector-diagram-after-adjustment-of-2015.png,asset-map,publish,scope-trace,,,RGB calibration capture
unsorted-source-material/VP415 repair/RGB Module calibration/documentation images/Vector diagram after adjustment of L5007.png,docs/reference/calibration/assets/originals/vector-diagram-after-adjustment-of-l5007.png,asset-map,publish,scope-trace,,,RGB calibration capture
unsorted-source-material/VP415 repair/RGB Module calibration/documentation images/Vector diagram before adjustment.png,docs/reference/calibration/assets/originals/vector-diagram-before-adjustment.png,asset-map,publish,scope-trace,,,RGB calibration capture
unsorted-source-material/VP415 repair/RGB Module calibration/documentation images/Vector diagram with delay line off.png,docs/reference/calibration/assets/originals/vector-diagram-with-delay-line-off.png,asset-map,publish,scope-trace,,,RGB calibration capture
unsorted-source-material/VP415 repair/RGB Module calibration/documentation images/Vector diagram with delay line on.png,docs/reference/calibration/assets/originals/vector-diagram-with-delay-line-on.png,asset-map,publish,scope-trace,,,RGB calibration capture
unsorted-source-material/misc/Disc information bytes from a real VP415.docx,docs/reference/assets/originals/disc-information-bytes-from-a-real-vp415.docx,asset-map,convert,none,,,real-player ?D/?P/?U/?= responses -> docs/reference/f-codes.md
unsorted-source-material/misc/Disc information bytes from a real VP415.pdf,docs/reference/assets/originals/disc-information-bytes-from-a-real-vp415.pdf,asset-map,download,none,,,duplicate of the docx in PDF form
unsorted-source-material/misc/MB88303-Fujitsu.pdf,docs/reference/assets/originals/datasheets/mb88303-fujitsu.pdf,asset-map,download,none,,,device datasheet
unsorted-source-material/misc/vp415Fcode.xlsx,docs/reference/assets/originals/vp415fcode.xlsx,asset-map,convert,none,,,becomes the searchable F-code table in docs/reference/f-codes.md
unsorted-source-material/pdfs/Philips VP415 Operating Instructions.pdf,docs/operating-instructions/assets/originals/philips-vp415-operating-instructions.pdf,asset-map,download,none,,,"user manual, 8 sections"
unsorted-source-material/title picture.jpg,docs/assets/originals/title-picture.jpg,asset-map,publish,photo,,,landing page hero image
unsorted-source-material/vp415 manual/image1 (2).jpg,docs/operating-instructions/assets/originals/operating-instructions-scan-01.jpg,asset-map,publish,text-page,,,3500x4956 page scan of the operating instructions
unsorted-source-material/vp415 manual/image10 (2).jpg,docs/operating-instructions/assets/originals/operating-instructions-scan-10.jpg,asset-map,publish,text-page,,,3500x4956 page scan of the operating instructions
unsorted-source-material/vp415 manual/image11 (2).jpg,docs/operating-instructions/assets/originals/operating-instructions-scan-11.jpg,asset-map,publish,text-page,,,3500x4956 page scan of the operating instructions
unsorted-source-material/vp415 manual/image12 (2).jpg,docs/operating-instructions/assets/originals/operating-instructions-scan-12.jpg,asset-map,publish,text-page,,,3500x4956 page scan of the operating instructions
unsorted-source-material/vp415 manual/image13 (2).jpg,docs/operating-instructions/assets/originals/operating-instructions-scan-13.jpg,asset-map,publish,text-page,,,3500x4956 page scan of the operating instructions
unsorted-source-material/vp415 manual/image14 (2).jpg,docs/operating-instructions/assets/originals/operating-instructions-scan-14.jpg,asset-map,publish,text-page,,,3500x4956 page scan of the operating instructions
unsorted-source-material/vp415 manual/image15 (2).jpg,docs/operating-instructions/assets/originals/operating-instructions-scan-15.jpg,asset-map,publish,text-page,,,3500x4956 page scan of the operating instructions
unsorted-source-material/vp415 manual/image16 (2).jpg,docs/operating-instructions/assets/originals/operating-instructions-scan-16.jpg,asset-map,publish,text-page,,,3500x4956 page scan of the operating instructions
unsorted-source-material/vp415 manual/image17 (2).jpg,docs/operating-instructions/assets/originals/operating-instructions-scan-17.jpg,asset-map,publish,text-page,,,3500x4956 page scan of the operating instructions
unsorted-source-material/vp415 manual/image18 (2).jpg,docs/operating-instructions/assets/originals/operating-instructions-scan-18.jpg,asset-map,publish,text-page,,,3500x4956 page scan of the operating instructions
unsorted-source-material/vp415 manual/image19 (2).jpg,docs/operating-instructions/assets/originals/operating-instructions-scan-19.jpg,asset-map,publish,text-page,,,3500x4956 page scan of the operating instructions
unsorted-source-material/vp415 manual/image2 (2).jpg,docs/operating-instructions/assets/originals/operating-instructions-scan-02.jpg,asset-map,publish,text-page,,,3500x4956 page scan of the operating instructions
unsorted-source-material/vp415 manual/image20 (2).jpg,docs/operating-instructions/assets/originals/operating-instructions-scan-20.jpg,asset-map,publish,text-page,,,3500x4956 page scan of the operating instructions
unsorted-source-material/vp415 manual/image21 (2).jpg,docs/operating-instructions/assets/originals/operating-instructions-scan-21.jpg,asset-map,publish,text-page,,,3500x4956 page scan of the operating instructions
unsorted-source-material/vp415 manual/image22 (2).jpg,docs/operating-instructions/assets/originals/operating-instructions-scan-22.jpg,asset-map,publish,text-page,,,3500x4956 page scan of the operating instructions
unsorted-source-material/vp415 manual/image23 (2).jpg,docs/operating-instructions/assets/originals/operating-instructions-scan-23.jpg,asset-map,publish,text-page,,,3500x4956 page scan of the operating instructions
unsorted-source-material/vp415 manual/image24 (2).jpg,docs/operating-instructions/assets/originals/operating-instructions-scan-24.jpg,asset-map,publish,text-page,,,3500x4956 page scan of the operating instructions
unsorted-source-material/vp415 manual/image25.jpg,docs/operating-instructions/assets/originals/operating-instructions-scan-25.jpg,asset-map,publish,text-page,,,3500x4956 page scan of the operating instructions
unsorted-source-material/vp415 manual/image26.jpg,docs/operating-instructions/assets/originals/operating-instructions-scan-26.jpg,asset-map,publish,text-page,,,3500x4956 page scan of the operating instructions
unsorted-source-material/vp415 manual/image27.jpg,docs/operating-instructions/assets/originals/operating-instructions-scan-27.jpg,asset-map,publish,text-page,,,3500x4956 page scan of the operating instructions
unsorted-source-material/vp415 manual/image3 (2).jpg,docs/operating-instructions/assets/originals/operating-instructions-scan-03.jpg,asset-map,publish,text-page,,,3500x4956 page scan of the operating instructions
unsorted-source-material/vp415 manual/image4 (2).jpg,docs/operating-instructions/assets/originals/operating-instructions-scan-04.jpg,asset-map,publish,text-page,,,3500x4956 page scan of the operating instructions
unsorted-source-material/vp415 manual/image5 (2).jpg,docs/operating-instructions/assets/originals/operating-instructions-scan-05.jpg,asset-map,publish,text-page,,,3500x4956 page scan of the operating instructions
unsorted-source-material/vp415 manual/image6 (2).jpg,docs/operating-instructions/assets/originals/operating-instructions-scan-06.jpg,asset-map,publish,text-page,,,3500x4956 page scan of the operating instructions
unsorted-source-material/vp415 manual/image7 (2).jpg,docs/operating-instructions/assets/originals/operating-instructions-scan-07.jpg,asset-map,publish,text-page,,,3500x4956 page scan of the operating instructions
unsorted-source-material/vp415 manual/image8 (2).jpg,docs/operating-instructions/assets/originals/operating-instructions-scan-08.jpg,asset-map,publish,text-page,,,3500x4956 page scan of the operating instructions
unsorted-source-material/vp415 manual/image9 (2).jpg,docs/operating-instructions/assets/originals/operating-instructions-scan-09.jpg,asset-map,publish,text-page,,,3500x4956 page scan of the operating instructions
