sheet,panel,panels,fold,chapter,section,module,content_type,cs_code,title,scan_pages,ocr_path,publish_source
001,1,1,A4,front,front-matter,,cover,CS 7 814,Front cover / contents,001,unsorted-source-material/ocr-markdown-service-manual/ocr-playground-download-20260821T150529Z/Philips-VP415-Service-Manual-hires-300-part1of5-pages001-044.pdf/pages/page-1/markdown.md,Original PNG/vp415-colour300dpi-fixed_Page_001.webp
002,1,1,A4,front,front-matter,,contents,,Chapter tab contents,002,unsorted-source-material/ocr-markdown-service-manual/ocr-playground-download-20260821T150529Z/Philips-VP415-Service-Manual-hires-300-part1of5-pages001-044.pdf/pages/page-2/markdown.md,Original PNG/vp415-colour300dpi-fixed_Page_002.webp
003,1,1,A4,1,divider,,divider,,"Chapter 1 divider (Technical data, controls, connector pinning)",003,unsorted-source-material/ocr-markdown-service-manual/ocr-playground-download-20260821T150529Z/Philips-VP415-Service-Manual-hires-300-part1of5-pages001-044.pdf/pages/page-3/markdown.md,Original PNG/vp415-colour300dpi-fixed_Page_003.webp
004,1,1,A4,1,technical-data,,text,CS 7 816,Technical data,004,unsorted-source-material/ocr-markdown-service-manual/ocr-playground-download-20260821T150529Z/Philips-VP415-Service-Manual-hires-300-part1of5-pages001-044.pdf/pages/page-4/markdown.md,Original PNG/vp415-colour300dpi-fixed_Page_004.webp
005,1,1,A4,1,controls-connections,,text+figure,CS 7 817,"Controls, indicators and connections",005,unsorted-source-material/ocr-markdown-service-manual/ocr-playground-download-20260821T150529Z/Philips-VP415-Service-Manual-hires-300-part1of5-pages001-044.pdf/pages/page-5/markdown.md,Original PNG/vp415-colour300dpi-fixed_Page_005.webp
006,1,1,A4,1,connector-pinning,,text,CS 7 828,"Connector pinning (A/V Euroconnector, RGB TTL DIN, SCSI)",006,unsorted-source-material/ocr-markdown-service-manual/ocr-playground-download-20260821T150529Z/Philips-VP415-Service-Manual-hires-300-part1of5-pages001-044.pdf/pages/page-6/markdown.md,Original PNG/vp415-colour300dpi-fixed_Page_006.webp
007,1,1,A4,2,divider,,divider,,Chapter 2 divider (General service information),007,unsorted-source-material/ocr-markdown-service-manual/ocr-playground-download-20260821T150529Z/Philips-VP415-Service-Manual-hires-300-part1of5-pages001-044.pdf/pages/page-7/markdown.md,Original PNG/vp415-colour300dpi-fixed_Page_007.webp
008,1,1,A4,2,remarks,,text,CS 7 818,Remarks,008,unsorted-source-material/ocr-markdown-service-manual/ocr-playground-download-20260821T150529Z/Philips-VP415-Service-Manual-hires-300-part1of5-pages001-044.pdf/pages/page-8/markdown.md,Original PNG/vp415-colour300dpi-fixed_Page_008.webp
009,1,1,A4,2,warnings,,text,,Warnings (laser radiation),009,unsorted-source-material/ocr-markdown-service-manual/ocr-playground-download-20260821T150529Z/Philips-VP415-Service-Manual-hires-300-part1of5-pages001-044.pdf/pages/page-9/markdown.md,Original PNG/vp415-colour300dpi-fixed_Page_009.webp
010,1,1,A4,2,modification-levels,,text,,Modification levels,010,unsorted-source-material/ocr-markdown-service-manual/ocr-playground-download-20260821T150529Z/Philips-VP415-Service-Manual-hires-300-part1of5-pages001-044.pdf/pages/page-10/markdown.md,Original PNG/vp415-colour300dpi-fixed_Page_010.webp
011,1,1,A4,2,adjustments,,text,CS 7 821,Adjustments - general and required,011,unsorted-source-material/ocr-markdown-service-manual/ocr-playground-download-20260821T150529Z/Philips-VP415-Service-Manual-hires-300-part1of5-pages001-044.pdf/pages/page-11/markdown.md,Original PNG/vp415-colour300dpi-fixed_Page_011.webp
012,1,2,bifold,2,adjustments,,figure,CS 7 822,Video adjustments survey (block diagram),012,unsorted-source-material/ocr-markdown-service-manual/ocr-playground-download-20260821T150529Z/Philips-VP415-Service-Manual-hires-300-part1of5-pages001-044.pdf/pages/page-12/markdown.md,Original PNG/vp415-colour300dpi-fixed_Page_012.webp
012,2,2,bifold,2,adjustments,,figure,CS 7 822,Video adjustments survey (block diagram),012,unsorted-source-material/ocr-markdown-service-manual/ocr-playground-download-20260821T150529Z/Philips-VP415-Service-Manual-hires-300-part1of5-pages001-044.pdf/pages/page-12/markdown.md,Original PNG/vp415-colour300dpi-fixed_Page_012.webp
013,1,2,bifold,2,demounting,,figure,CS 7 823,Demounting instructions,013,unsorted-source-material/ocr-markdown-service-manual/ocr-playground-download-20260821T150529Z/Philips-VP415-Service-Manual-hires-300-part1of5-pages001-044.pdf/pages/page-13/markdown.md,Original PNG/vp415-colour300dpi-fixed_Page_013.webp
013,2,2,bifold,2,demounting,,figure,CS 7 823,Demounting instructions,013,unsorted-source-material/ocr-markdown-service-manual/ocr-playground-download-20260821T150529Z/Philips-VP415-Service-Manual-hires-300-part1of5-pages001-044.pdf/pages/page-13/markdown.md,Original PNG/vp415-colour300dpi-fixed_Page_013.webp
014,1,1,A4,2,service-hints,,text,CS 7 824,Service hints (ESD),014,unsorted-source-material/ocr-markdown-service-manual/ocr-playground-download-20260821T150529Z/Philips-VP415-Service-Manual-hires-300-part1of5-pages001-044.pdf/pages/page-14/markdown.md,Original PNG/vp415-colour300dpi-fixed_Page_014.webp
015,1,1,A4,2,service-tools,,figure,CS 7 825,Service tools,015,unsorted-source-material/ocr-markdown-service-manual/ocr-playground-download-20260821T150529Z/Philips-VP415-Service-Manual-hires-300-part1of5-pages001-044.pdf/pages/page-15/markdown.md,Original PNG/vp415-colour300dpi-fixed_Page_015.webp
016,1,2,bifold,2,service-tools,,figure,CS 7 826,Application of service tools,016,unsorted-source-material/ocr-markdown-service-manual/ocr-playground-download-20260821T150529Z/Philips-VP415-Service-Manual-hires-300-part1of5-pages001-044.pdf/pages/page-16/markdown.md,Original PNG/vp415-colour300dpi-fixed_Page_016.webp
016,2,2,bifold,2,service-tools,,figure,CS 7 826,Application of service tools,016,unsorted-source-material/ocr-markdown-service-manual/ocr-playground-download-20260821T150529Z/Philips-VP415-Service-Manual-hires-300-part1of5-pages001-044.pdf/pages/page-16/markdown.md,Original PNG/vp415-colour300dpi-fixed_Page_016.webp
017,1,2,bifold,2,symbols,,figure,CS 7 827,List of used symbols,017,unsorted-source-material/ocr-markdown-service-manual/ocr-playground-download-20260821T150529Z/Philips-VP415-Service-Manual-hires-300-part1of5-pages001-044.pdf/pages/page-17/markdown.md,Original PNG/vp415-colour300dpi-fixed_Page_017.webp
017,2,2,bifold,2,symbols,,figure,CS 7 827,List of used symbols,017,unsorted-source-material/ocr-markdown-service-manual/ocr-playground-download-20260821T150529Z/Philips-VP415-Service-Manual-hires-300-part1of5-pages001-044.pdf/pages/page-17/markdown.md,Original PNG/vp415-colour300dpi-fixed_Page_017.webp
018,1,1,A4,3,divider,,divider,,Chapter 3 divider (Layout / signals / block diagrams),018,unsorted-source-material/ocr-markdown-service-manual/ocr-playground-download-20260821T150529Z/Philips-VP415-Service-Manual-hires-300-part1of5-pages001-044.pdf/pages/page-18/markdown.md,Original PNG/vp415-colour300dpi-fixed_Page_018.webp
019,1,2,bifold,3,module-layout,,figure,CS 7 829,Module and connector lay-out,019,unsorted-source-material/ocr-markdown-service-manual/ocr-playground-download-20260821T150529Z/Philips-VP415-Service-Manual-hires-300-part1of5-pages001-044.pdf/pages/page-19/markdown.md,Original PNG/vp415-colour300dpi-fixed_Page_019.webp
019,2,2,bifold,3,module-layout,,figure,CS 7 829,Module and connector lay-out,019,unsorted-source-material/ocr-markdown-service-manual/ocr-playground-download-20260821T150529Z/Philips-VP415-Service-Manual-hires-300-part1of5-pages001-044.pdf/pages/page-19/markdown.md,Original PNG/vp415-colour300dpi-fixed_Page_019.webp
020,1,2,bifold,3,signal-listing,,table,CS 7 830,Alphabetical signal listing,020,unsorted-source-material/ocr-markdown-service-manual/ocr-playground-download-20260821T150529Z/Philips-VP415-Service-Manual-hires-300-part1of5-pages001-044.pdf/pages/page-20/markdown.md,Original PNG/vp415-colour300dpi-fixed_Page_020.webp
020,2,2,bifold,3,signal-listing,,table,CS 7 830,Alphabetical signal listing,020,unsorted-source-material/ocr-markdown-service-manual/ocr-playground-download-20260821T150529Z/Philips-VP415-Service-Manual-hires-300-part1of5-pages001-044.pdf/pages/page-20/markdown.md,Original PNG/vp415-colour300dpi-fixed_Page_020.webp
021_022,1,3,trifold,3,wiring-diagram,,figure,CS 7 831,Wiring diagram - player (WDP) - left portion,021+022,unsorted-source-material/ocr-markdown-service-manual/ocr-playground-download-20260821T150529Z/Philips-VP415-Service-Manual-hires-300-part1of5-pages001-044.pdf/pages/page-21/markdown.md,A4 trifold/vp415-colour300dpi-fixed_Page_021_022.webp
021_022,2,3,trifold,3,wiring-diagram,,figure,CS 7 831,Wiring diagram - player (WDP) - left portion,021+022,unsorted-source-material/ocr-markdown-service-manual/ocr-playground-download-20260821T150529Z/Philips-VP415-Service-Manual-hires-300-part1of5-pages001-044.pdf/pages/page-21/markdown.md,A4 trifold/vp415-colour300dpi-fixed_Page_021_022.webp
021_022,3,3,trifold,3,wiring-diagram,,figure,CS 7 831,Wiring diagram - player (WDP) - right portion,021+022,unsorted-source-material/ocr-markdown-service-manual/ocr-playground-download-20260821T150529Z/Philips-VP415-Service-Manual-hires-300-part1of5-pages001-044.pdf/pages/page-22/markdown.md,A4 trifold/vp415-colour300dpi-fixed_Page_021_022.webp
023,1,2,bifold,3,wiring-diagram,,figure,CS 7 832,Wiring diagram - sandwich (WDS),023,unsorted-source-material/ocr-markdown-service-manual/ocr-playground-download-20260821T150529Z/Philips-VP415-Service-Manual-hires-300-part1of5-pages001-044.pdf/pages/page-23/markdown.md,Original PNG/vp415-colour300dpi-fixed_Page_023.webp
023,2,2,bifold,3,wiring-diagram,,figure,CS 7 832,Wiring diagram - sandwich (WDS),023,unsorted-source-material/ocr-markdown-service-manual/ocr-playground-download-20260821T150529Z/Philips-VP415-Service-Manual-hires-300-part1of5-pages001-044.pdf/pages/page-23/markdown.md,Original PNG/vp415-colour300dpi-fixed_Page_023.webp
024,1,2,bifold,3,block-diagrams,,figure,CS 7 833,Block diagram - control routes,024,unsorted-source-material/ocr-markdown-service-manual/ocr-playground-download-20260821T150529Z/Philips-VP415-Service-Manual-hires-300-part1of5-pages001-044.pdf/pages/page-24/markdown.md,Original PNG/vp415-colour300dpi-fixed_Page_024.webp
024,2,2,bifold,3,block-diagrams,,figure,CS 7 833,Block diagram - control routes,024,unsorted-source-material/ocr-markdown-service-manual/ocr-playground-download-20260821T150529Z/Philips-VP415-Service-Manual-hires-300-part1of5-pages001-044.pdf/pages/page-24/markdown.md,Original PNG/vp415-colour300dpi-fixed_Page_024.webp
025,1,2,bifold,3,block-diagrams,,figure,CS 7 834,Block diagram - audio/video signal path,025,unsorted-source-material/ocr-markdown-service-manual/ocr-playground-download-20260821T150529Z/Philips-VP415-Service-Manual-hires-300-part1of5-pages001-044.pdf/pages/page-25/markdown.md,Original PNG/vp415-colour300dpi-fixed_Page_025.webp
025,2,2,bifold,3,block-diagrams,,figure,CS 7 834,Block diagram - audio/video signal path,025,unsorted-source-material/ocr-markdown-service-manual/ocr-playground-download-20260821T150529Z/Philips-VP415-Service-Manual-hires-300-part1of5-pages001-044.pdf/pages/page-25/markdown.md,Original PNG/vp415-colour300dpi-fixed_Page_025.webp
026,1,2,bifold,3,block-diagrams,,figure,CS 7 835,Block diagram - servo,026,unsorted-source-material/ocr-markdown-service-manual/ocr-playground-download-20260821T150529Z/Philips-VP415-Service-Manual-hires-300-part1of5-pages001-044.pdf/pages/page-26/markdown.md,Original PNG/vp415-colour300dpi-fixed_Page_026.webp
026,2,2,bifold,3,block-diagrams,,figure,CS 7 835,Block diagram - servo,026,unsorted-source-material/ocr-markdown-service-manual/ocr-playground-download-20260821T150529Z/Philips-VP415-Service-Manual-hires-300-part1of5-pages001-044.pdf/pages/page-26/markdown.md,Original PNG/vp415-colour300dpi-fixed_Page_026.webp
027,1,1,A4,3,semiconductors,,figure,CS 8 121,Connections of semiconductors,027,unsorted-source-material/ocr-markdown-service-manual/ocr-playground-download-20260821T150529Z/Philips-VP415-Service-Manual-hires-300-part1of5-pages001-044.pdf/pages/page-27/markdown.md,Original PNG/vp415-colour300dpi-fixed_Page_027.webp
028,1,1,A4,4,divider,,divider,,Chapter 4 divider (Modules A to Z),028,unsorted-source-material/ocr-markdown-service-manual/ocr-playground-download-20260821T150529Z/Philips-VP415-Service-Manual-hires-300-part1of5-pages001-044.pdf/pages/page-28/markdown.md,Original PNG/vp415-colour300dpi-fixed_Page_028.webp
029,1,1,A4,4,survey,,table,CS 7 855,Survey of modules VP415,029,unsorted-source-material/ocr-markdown-service-manual/ocr-playground-download-20260821T150529Z/Philips-VP415-Service-Manual-hires-300-part1of5-pages001-044.pdf/pages/page-29/markdown.md,Original PNG/vp415-colour300dpi-fixed_Page_029.webp
030_031,1,3,trifold,4,module,V,pcb-layout,CS 7 836,Module carrier V - PCB lay-out (component/solder side),030+031,unsorted-source-material/ocr-markdown-service-manual/ocr-playground-download-20260821T150529Z/Philips-VP415-Service-Manual-hires-300-part1of5-pages001-044.pdf/pages/page-30/markdown.md,A4 trifold/vp415-colour300dpi-fixed_Page_030_031.webp
030_031,2,3,trifold,4,module,V,pcb-layout,CS 7 836,Module carrier V - PCB lay-out (component/solder side),030+031,unsorted-source-material/ocr-markdown-service-manual/ocr-playground-download-20260821T150529Z/Philips-VP415-Service-Manual-hires-300-part1of5-pages001-044.pdf/pages/page-30/markdown.md,A4 trifold/vp415-colour300dpi-fixed_Page_030_031.webp
030_031,3,3,trifold,4,module,V,pcb-layout,CS 7 836,Module carrier V (mod level 1),030+031,unsorted-source-material/ocr-markdown-service-manual/ocr-playground-download-20260821T150529Z/Philips-VP415-Service-Manual-hires-300-part1of5-pages001-044.pdf/pages/page-31/markdown.md,A4 trifold/vp415-colour300dpi-fixed_Page_030_031.webp
032,1,2,bifold,4,module,A,module-sheet,,Audio processor module A (mod level 2) - adjustments / PCB / parts,032,unsorted-source-material/ocr-markdown-service-manual/ocr-playground-download-20260821T150529Z/Philips-VP415-Service-Manual-hires-300-part1of5-pages001-044.pdf/pages/page-32/markdown.md,Original PNG/vp415-colour300dpi-fixed_Page_032.webp
032,2,2,bifold,4,module,A,module-sheet,,Audio processor module A (mod level 2) - adjustments / PCB / parts,032,unsorted-source-material/ocr-markdown-service-manual/ocr-playground-download-20260821T150529Z/Philips-VP415-Service-Manual-hires-300-part1of5-pages001-044.pdf/pages/page-32/markdown.md,Original PNG/vp415-colour300dpi-fixed_Page_032.webp
033,1,2,bifold,4,module,A,circuit,CS 6 867,Audio processor module A - circuit diagram,033,unsorted-source-material/ocr-markdown-service-manual/ocr-playground-download-20260821T150529Z/Philips-VP415-Service-Manual-hires-300-part1of5-pages001-044.pdf/pages/page-33/markdown.md,Original PNG/vp415-colour300dpi-fixed_Page_033.webp
033,2,2,bifold,4,module,A,circuit,CS 6 867,Audio processor module A - circuit diagram,033,unsorted-source-material/ocr-markdown-service-manual/ocr-playground-download-20260821T150529Z/Philips-VP415-Service-Manual-hires-300-part1of5-pages001-044.pdf/pages/page-33/markdown.md,Original PNG/vp415-colour300dpi-fixed_Page_033.webp
034,1,2,bifold,4,module,B,circuit,CS 6 868,RGB module B - circuit diagram,034,unsorted-source-material/ocr-markdown-service-manual/ocr-playground-download-20260821T150529Z/Philips-VP415-Service-Manual-hires-300-part1of5-pages001-044.pdf/pages/page-34/markdown.md,Original PNG/vp415-colour300dpi-fixed_Page_034.webp
034,2,2,bifold,4,module,B,circuit,CS 6 868,RGB module B - circuit diagram,034,unsorted-source-material/ocr-markdown-service-manual/ocr-playground-download-20260821T150529Z/Philips-VP415-Service-Manual-hires-300-part1of5-pages001-044.pdf/pages/page-34/markdown.md,Original PNG/vp415-colour300dpi-fixed_Page_034.webp
035_036,1,3,trifold,4,module,B,module-sheet,CS 7 838,RGB module B (mod level 5) - adjustments / PCB / parts,035+036,unsorted-source-material/ocr-markdown-service-manual/ocr-playground-download-20260821T150529Z/Philips-VP415-Service-Manual-hires-300-part1of5-pages001-044.pdf/pages/page-35/markdown.md,A4 trifold/vp415-colour300dpi-fixed_Page_035_036.webp
035_036,2,3,trifold,4,module,B,module-sheet,CS 7 838,RGB module B (mod level 5) - adjustments / PCB / parts,035+036,unsorted-source-material/ocr-markdown-service-manual/ocr-playground-download-20260821T150529Z/Philips-VP415-Service-Manual-hires-300-part1of5-pages001-044.pdf/pages/page-35/markdown.md,A4 trifold/vp415-colour300dpi-fixed_Page_035_036.webp
035_036,3,3,trifold,4,module,B,module-sheet,CS 7 838,RGB module B - adjustments (continued),035+036,unsorted-source-material/ocr-markdown-service-manual/ocr-playground-download-20260821T150529Z/Philips-VP415-Service-Manual-hires-300-part1of5-pages001-044.pdf/pages/page-36/markdown.md,A4 trifold/vp415-colour300dpi-fixed_Page_035_036.webp
037,1,2,bifold,4,module,C,module-sheet,,Video processor module C (mod level 3) - PCB / parts,037,unsorted-source-material/ocr-markdown-service-manual/ocr-playground-download-20260821T150529Z/Philips-VP415-Service-Manual-hires-300-part1of5-pages001-044.pdf/pages/page-37/markdown.md,Original PNG/vp415-colour300dpi-fixed_Page_037.webp
037,2,2,bifold,4,module,C,module-sheet,,Video processor module C (mod level 3) - PCB / parts,037,unsorted-source-material/ocr-markdown-service-manual/ocr-playground-download-20260821T150529Z/Philips-VP415-Service-Manual-hires-300-part1of5-pages001-044.pdf/pages/page-37/markdown.md,Original PNG/vp415-colour300dpi-fixed_Page_037.webp
038,1,2,bifold,4,module,C,circuit,CS 6 869,Video processor module C - circuit diagram,038,unsorted-source-material/ocr-markdown-service-manual/ocr-playground-download-20260821T150529Z/Philips-VP415-Service-Manual-hires-300-part1of5-pages001-044.pdf/pages/page-38/markdown.md,Original PNG/vp415-colour300dpi-fixed_Page_038.webp
038,2,2,bifold,4,module,C,circuit,CS 6 869,Video processor module C - circuit diagram,038,unsorted-source-material/ocr-markdown-service-manual/ocr-playground-download-20260821T150529Z/Philips-VP415-Service-Manual-hires-300-part1of5-pages001-044.pdf/pages/page-38/markdown.md,Original PNG/vp415-colour300dpi-fixed_Page_038.webp
039_040,1,3,trifold,4,module,D,circuit,CS 6 870,Video processor module C - circuit diagram (sync generator),039+040,unsorted-source-material/ocr-markdown-service-manual/ocr-playground-download-20260821T150529Z/Philips-VP415-Service-Manual-hires-300-part1of5-pages001-044.pdf/pages/page-39/markdown.md,A4 trifold/vp415-colour300dpi-fixed_Page_039_040.webp
039_040,2,3,trifold,4,module,D,circuit,CS 6 870,Video processor module C - circuit diagram (sync generator),039+040,unsorted-source-material/ocr-markdown-service-manual/ocr-playground-download-20260821T150529Z/Philips-VP415-Service-Manual-hires-300-part1of5-pages001-044.pdf/pages/page-39/markdown.md,A4 trifold/vp415-colour300dpi-fixed_Page_039_040.webp
039_040,3,3,trifold,4,module,D,circuit,CS 6 870,Reference source module D - circuit diagram,039+040,unsorted-source-material/ocr-markdown-service-manual/ocr-playground-download-20260821T150529Z/Philips-VP415-Service-Manual-hires-300-part1of5-pages001-044.pdf/pages/page-40/markdown.md,A4 trifold/vp415-colour300dpi-fixed_Page_039_040.webp
041,1,2,bifold,4,module,D,module-sheet,CS 7 840,Reference source module D (mod level 2) - PCB / parts,041,unsorted-source-material/ocr-markdown-service-manual/ocr-playground-download-20260821T150529Z/Philips-VP415-Service-Manual-hires-300-part1of5-pages001-044.pdf/pages/page-41/markdown.md,Original PNG/vp415-colour300dpi-fixed_Page_041.webp
041,2,2,bifold,4,module,D,module-sheet,CS 7 840,Reference source module D (mod level 2) - PCB / parts,041,unsorted-source-material/ocr-markdown-service-manual/ocr-playground-download-20260821T150529Z/Philips-VP415-Service-Manual-hires-300-part1of5-pages001-044.pdf/pages/page-41/markdown.md,Original PNG/vp415-colour300dpi-fixed_Page_041.webp
042,1,2,bifold,4,module,E,module-sheet,CS 7 841,Slide drive module E (mod level 3) - PCB / parts,042,unsorted-source-material/ocr-markdown-service-manual/ocr-playground-download-20260821T150529Z/Philips-VP415-Service-Manual-hires-300-part1of5-pages001-044.pdf/pages/page-42/markdown.md,Original PNG/vp415-colour300dpi-fixed_Page_042.webp
042,2,2,bifold,4,module,E,module-sheet,CS 7 841,Slide drive module E (mod level 3) - PCB / parts,042,unsorted-source-material/ocr-markdown-service-manual/ocr-playground-download-20260821T150529Z/Philips-VP415-Service-Manual-hires-300-part1of5-pages001-044.pdf/pages/page-42/markdown.md,Original PNG/vp415-colour300dpi-fixed_Page_042.webp
043,1,2,bifold,4,module,E,circuit,CS 6 871,Slide drive module E - circuit diagram,043,unsorted-source-material/ocr-markdown-service-manual/ocr-playground-download-20260821T150529Z/Philips-VP415-Service-Manual-hires-300-part1of5-pages001-044.pdf/pages/page-43/markdown.md,Original PNG/vp415-colour300dpi-fixed_Page_043.webp
043,2,2,bifold,4,module,E,circuit,CS 6 871,Slide drive module E - circuit diagram,043,unsorted-source-material/ocr-markdown-service-manual/ocr-playground-download-20260821T150529Z/Philips-VP415-Service-Manual-hires-300-part1of5-pages001-044.pdf/pages/page-43/markdown.md,Original PNG/vp415-colour300dpi-fixed_Page_043.webp
044,1,2,bifold,4,module,F,circuit,CS 6 872,Motor + sequence module F - circuit diagram,044,unsorted-source-material/ocr-markdown-service-manual/ocr-playground-download-20260821T150529Z/Philips-VP415-Service-Manual-hires-300-part1of5-pages001-044.pdf/pages/page-44/markdown.md,Original PNG/vp415-colour300dpi-fixed_Page_044.webp
044,2,2,bifold,4,module,F,circuit,CS 6 872,Motor + sequence module F - circuit diagram,044,unsorted-source-material/ocr-markdown-service-manual/ocr-playground-download-20260821T150529Z/Philips-VP415-Service-Manual-hires-300-part1of5-pages001-044.pdf/pages/page-44/markdown.md,Original PNG/vp415-colour300dpi-fixed_Page_044.webp
045,1,2,bifold,4,module,F,module-sheet,CS 7 842,Motor + sequence module F (mod level 5) - adjustments / PCB / parts,045,unsorted-source-material/ocr-markdown-service-manual/ocr-playground-download-20260821T150604Z/Philips-VP415-Service-Manual-hires-300-part2of5-pages045-072.pdf/pages/page-1/markdown.md,Original PNG/vp415-colour300dpi-fixed_Page_045.webp
045,2,2,bifold,4,module,F,module-sheet,CS 7 842,Motor + sequence module F (mod level 5) - adjustments / PCB / parts,045,unsorted-source-material/ocr-markdown-service-manual/ocr-playground-download-20260821T150604Z/Philips-VP415-Service-Manual-hires-300-part2of5-pages045-072.pdf/pages/page-1/markdown.md,Original PNG/vp415-colour300dpi-fixed_Page_045.webp
046,1,2,bifold,4,module,G,module-sheet,CS 7 843,Gen lock module G (mod level 3) - adjustments / PCB / parts,046,unsorted-source-material/ocr-markdown-service-manual/ocr-playground-download-20260821T150604Z/Philips-VP415-Service-Manual-hires-300-part2of5-pages045-072.pdf/pages/page-2/markdown.md,Original PNG/vp415-colour300dpi-fixed_Page_046.webp
046,2,2,bifold,4,module,G,module-sheet,CS 7 843,Gen lock module G (mod level 3) - adjustments / PCB / parts,046,unsorted-source-material/ocr-markdown-service-manual/ocr-playground-download-20260821T150604Z/Philips-VP415-Service-Manual-hires-300-part2of5-pages045-072.pdf/pages/page-2/markdown.md,Original PNG/vp415-colour300dpi-fixed_Page_046.webp
047,1,2,bifold,4,module,G,circuit,CS 6 873,Gen lock module G - circuit diagram,047,unsorted-source-material/ocr-markdown-service-manual/ocr-playground-download-20260821T150604Z/Philips-VP415-Service-Manual-hires-300-part2of5-pages045-072.pdf/pages/page-3/markdown.md,Original PNG/vp415-colour300dpi-fixed_Page_047.webp
047,2,2,bifold,4,module,G,circuit,CS 6 873,Gen lock module G - circuit diagram,047,unsorted-source-material/ocr-markdown-service-manual/ocr-playground-download-20260821T150604Z/Philips-VP415-Service-Manual-hires-300-part2of5-pages045-072.pdf/pages/page-3/markdown.md,Original PNG/vp415-colour300dpi-fixed_Page_047.webp
048,1,2,bifold,4,module,H,circuit,CS 6 874,ETBC-B module H - circuit diagram,048,unsorted-source-material/ocr-markdown-service-manual/ocr-playground-download-20260821T150604Z/Philips-VP415-Service-Manual-hires-300-part2of5-pages045-072.pdf/pages/page-4/markdown.md,Original PNG/vp415-colour300dpi-fixed_Page_048.webp
048,2,2,bifold,4,module,H,circuit,CS 6 874,ETBC-B module H - circuit diagram,048,unsorted-source-material/ocr-markdown-service-manual/ocr-playground-download-20260821T150604Z/Philips-VP415-Service-Manual-hires-300-part2of5-pages045-072.pdf/pages/page-4/markdown.md,Original PNG/vp415-colour300dpi-fixed_Page_048.webp
049,1,2,bifold,4,module,H,module-sheet,CS 7 844,ETBC-B module H (mod level 5) - adjustments / PCB / parts,049,unsorted-source-material/ocr-markdown-service-manual/ocr-playground-download-20260821T150604Z/Philips-VP415-Service-Manual-hires-300-part2of5-pages045-072.pdf/pages/page-5/markdown.md,Original PNG/vp415-colour300dpi-fixed_Page_049.webp
049,2,2,bifold,4,module,H,module-sheet,CS 7 844,ETBC-B module H (mod level 5) - adjustments / PCB / parts,049,unsorted-source-material/ocr-markdown-service-manual/ocr-playground-download-20260821T150604Z/Philips-VP415-Service-Manual-hires-300-part2of5-pages045-072.pdf/pages/page-5/markdown.md,Original PNG/vp415-colour300dpi-fixed_Page_049.webp
050,1,2,bifold,4,module,I,module-sheet,CS 7 845,ETBC-C module I (mod level 6) - adjustments / PCB / parts,050,unsorted-source-material/ocr-markdown-service-manual/ocr-playground-download-20260821T150604Z/Philips-VP415-Service-Manual-hires-300-part2of5-pages045-072.pdf/pages/page-6/markdown.md,Original PNG/vp415-colour300dpi-fixed_Page_050.webp
050,2,2,bifold,4,module,I,module-sheet,CS 7 845,ETBC-C module I (mod level 6) - adjustments / PCB / parts,050,unsorted-source-material/ocr-markdown-service-manual/ocr-playground-download-20260821T150604Z/Philips-VP415-Service-Manual-hires-300-part2of5-pages045-072.pdf/pages/page-6/markdown.md,Original PNG/vp415-colour300dpi-fixed_Page_050.webp
051,1,2,bifold,4,module,I,circuit,CS 6 875,ETBC-C module I - circuit diagram,051,unsorted-source-material/ocr-markdown-service-manual/ocr-playground-download-20260821T150604Z/Philips-VP415-Service-Manual-hires-300-part2of5-pages045-072.pdf/pages/page-7/markdown.md,Original PNG/vp415-colour300dpi-fixed_Page_051.webp
051,2,2,bifold,4,module,I,circuit,CS 6 875,ETBC-C module I - circuit diagram,051,unsorted-source-material/ocr-markdown-service-manual/ocr-playground-download-20260821T150604Z/Philips-VP415-Service-Manual-hires-300-part2of5-pages045-072.pdf/pages/page-7/markdown.md,Original PNG/vp415-colour300dpi-fixed_Page_051.webp
052,1,1,A4,4,module,J,circuit,CS 6 876,ETBC-C module I - circuit diagram (continued),052,unsorted-source-material/ocr-markdown-service-manual/ocr-playground-download-20260821T150604Z/Philips-VP415-Service-Manual-hires-300-part2of5-pages045-072.pdf/pages/page-8/markdown.md,Original PNG/vp415-colour300dpi-fixed_Page_052.webp
053,1,2,bifold,4,module,J,module-sheet,CS 7 846,Focus module J (mod level 2) - PCB / parts / circuit,053,unsorted-source-material/ocr-markdown-service-manual/ocr-playground-download-20260821T150604Z/Philips-VP415-Service-Manual-hires-300-part2of5-pages045-072.pdf/pages/page-9/markdown.md,Original PNG/vp415-colour300dpi-fixed_Page_053.webp
053,2,2,bifold,4,module,J,module-sheet,CS 7 846,Focus module J (mod level 2) - PCB / parts / circuit,053,unsorted-source-material/ocr-markdown-service-manual/ocr-playground-download-20260821T150604Z/Philips-VP415-Service-Manual-hires-300-part2of5-pages045-072.pdf/pages/page-9/markdown.md,Original PNG/vp415-colour300dpi-fixed_Page_053.webp
054,1,2,bifold,4,module,K,module-sheet,CS 7 847,HF processor module K (mod level 0) - adjustments / PCB / parts,054,unsorted-source-material/ocr-markdown-service-manual/ocr-playground-download-20260821T150604Z/Philips-VP415-Service-Manual-hires-300-part2of5-pages045-072.pdf/pages/page-10/markdown.md,Original PNG/vp415-colour300dpi-fixed_Page_054.webp
054,2,2,bifold,4,module,K,module-sheet,CS 7 847,HF processor module K (mod level 0) - adjustments / PCB / parts,054,unsorted-source-material/ocr-markdown-service-manual/ocr-playground-download-20260821T150604Z/Philips-VP415-Service-Manual-hires-300-part2of5-pages045-072.pdf/pages/page-10/markdown.md,Original PNG/vp415-colour300dpi-fixed_Page_054.webp
055,1,2,bifold,4,module,K,circuit,CS 6 877,HF processor module K - circuit diagram,055,unsorted-source-material/ocr-markdown-service-manual/ocr-playground-download-20260821T150604Z/Philips-VP415-Service-Manual-hires-300-part2of5-pages045-072.pdf/pages/page-11/markdown.md,Original PNG/vp415-colour300dpi-fixed_Page_055.webp
055,2,2,bifold,4,module,K,circuit,CS 6 877,HF processor module K - circuit diagram,055,unsorted-source-material/ocr-markdown-service-manual/ocr-playground-download-20260821T150604Z/Philips-VP415-Service-Manual-hires-300-part2of5-pages045-072.pdf/pages/page-11/markdown.md,Original PNG/vp415-colour300dpi-fixed_Page_055.webp
056,1,2,bifold,4,module,L,circuit,CS 6 878,Video drop-out correction module L - circuit diagram,056,unsorted-source-material/ocr-markdown-service-manual/ocr-playground-download-20260821T150604Z/Philips-VP415-Service-Manual-hires-300-part2of5-pages045-072.pdf/pages/page-12/markdown.md,Original PNG/vp415-colour300dpi-fixed_Page_056.webp
056,2,2,bifold,4,module,L,circuit,CS 6 878,Video drop-out correction module L - circuit diagram,056,unsorted-source-material/ocr-markdown-service-manual/ocr-playground-download-20260821T150604Z/Philips-VP415-Service-Manual-hires-300-part2of5-pages045-072.pdf/pages/page-12/markdown.md,Original PNG/vp415-colour300dpi-fixed_Page_056.webp
057,1,2,bifold,4,module,L,module-sheet,CS 7 848,Video drop-out correction module L (mod level 0) - adjustments / PCB / parts,057,unsorted-source-material/ocr-markdown-service-manual/ocr-playground-download-20260821T150604Z/Philips-VP415-Service-Manual-hires-300-part2of5-pages045-072.pdf/pages/page-13/markdown.md,Original PNG/vp415-colour300dpi-fixed_Page_057.webp
057,2,2,bifold,4,module,L,module-sheet,CS 7 848,Video drop-out correction module L (mod level 0) - adjustments / PCB / parts,057,unsorted-source-material/ocr-markdown-service-manual/ocr-playground-download-20260821T150604Z/Philips-VP415-Service-Manual-hires-300-part2of5-pages045-072.pdf/pages/page-13/markdown.md,Original PNG/vp415-colour300dpi-fixed_Page_057.webp
058,1,2,bifold,4,module,M,module-sheet,CS 7 849,Radial module M (mod level 1) - PCB / parts,058,unsorted-source-material/ocr-markdown-service-manual/ocr-playground-download-20260821T150604Z/Philips-VP415-Service-Manual-hires-300-part2of5-pages045-072.pdf/pages/page-14/markdown.md,Original PNG/vp415-colour300dpi-fixed_Page_058.webp
058,2,2,bifold,4,module,M,module-sheet,CS 7 849,Radial module M (mod level 1) - PCB / parts,058,unsorted-source-material/ocr-markdown-service-manual/ocr-playground-download-20260821T150604Z/Philips-VP415-Service-Manual-hires-300-part2of5-pages045-072.pdf/pages/page-14/markdown.md,Original PNG/vp415-colour300dpi-fixed_Page_058.webp
059,1,2,bifold,4,module,M,circuit,CS 6 879,Radial module M - circuit diagram,059,unsorted-source-material/ocr-markdown-service-manual/ocr-playground-download-20260821T150604Z/Philips-VP415-Service-Manual-hires-300-part2of5-pages045-072.pdf/pages/page-15/markdown.md,Original PNG/vp415-colour300dpi-fixed_Page_059.webp
059,2,2,bifold,4,module,M,circuit,CS 6 879,Radial module M - circuit diagram,059,unsorted-source-material/ocr-markdown-service-manual/ocr-playground-download-20260821T150604Z/Philips-VP415-Service-Manual-hires-300-part2of5-pages045-072.pdf/pages/page-15/markdown.md,Original PNG/vp415-colour300dpi-fixed_Page_059.webp
060,1,1,A4,4,module,N,circuit,CS 6 880,Display + keyboard module N - circuit diagram,060,unsorted-source-material/ocr-markdown-service-manual/ocr-playground-download-20260821T150604Z/Philips-VP415-Service-Manual-hires-300-part2of5-pages045-072.pdf/pages/page-16/markdown.md,Original PNG/vp415-colour300dpi-fixed_Page_060.webp
061_062,1,3,trifold,4,module,N,module-sheet,CS 7 850,Display + keyboard module N (mod level 1) - PCB / parts,061+062,unsorted-source-material/ocr-markdown-service-manual/ocr-playground-download-20260821T150604Z/Philips-VP415-Service-Manual-hires-300-part2of5-pages045-072.pdf/pages/page-17/markdown.md,A4 trifold/vp415-colour300dpi-fixed_Page_061_062.webp
061_062,2,3,trifold,4,module,N,module-sheet,CS 7 850,Display + keyboard module N (mod level 1) - PCB / parts,061+062,unsorted-source-material/ocr-markdown-service-manual/ocr-playground-download-20260821T150604Z/Philips-VP415-Service-Manual-hires-300-part2of5-pages045-072.pdf/pages/page-17/markdown.md,A4 trifold/vp415-colour300dpi-fixed_Page_061_062.webp
061_062,3,3,trifold,4,module,P,module-sheet,CS 7 850,Frontloader module P (mod level 4) - PCB / parts,061+062,unsorted-source-material/ocr-markdown-service-manual/ocr-playground-download-20260821T150604Z/Philips-VP415-Service-Manual-hires-300-part2of5-pages045-072.pdf/pages/page-18/markdown.md,A4 trifold/vp415-colour300dpi-fixed_Page_061_062.webp
063_064,1,3,trifold,4,module,Q,circuit,CS 7 851,RC5 circuit module Q; list of electrical parts module R,063+064,unsorted-source-material/ocr-markdown-service-manual/ocr-playground-download-20260821T150604Z/Philips-VP415-Service-Manual-hires-300-part2of5-pages045-072.pdf/pages/page-19/markdown.md,A4 trifold/vp415-colour300dpi-fixed_Page_063_064.webp
063_064,2,3,trifold,4,module,R,parts,CS 7 851,RC5 circuit module Q; list of electrical parts module R,063+064,unsorted-source-material/ocr-markdown-service-manual/ocr-playground-download-20260821T150604Z/Philips-VP415-Service-Manual-hires-300-part2of5-pages045-072.pdf/pages/page-19/markdown.md,A4 trifold/vp415-colour300dpi-fixed_Page_063_064.webp
063_064,3,3,trifold,4,module,R,pcb-layout,CS 7 851,Drive processor module R (mod level 3) - PCB / parts,063+064,unsorted-source-material/ocr-markdown-service-manual/ocr-playground-download-20260821T150604Z/Philips-VP415-Service-Manual-hires-300-part2of5-pages045-072.pdf/pages/page-20/markdown.md,A4 trifold/vp415-colour300dpi-fixed_Page_063_064.webp
065_066,1,3,trifold,4,module,R,circuit,CS 6 883,Drive processor module R - circuit diagram,065+066,unsorted-source-material/ocr-markdown-service-manual/ocr-playground-download-20260821T150604Z/Philips-VP415-Service-Manual-hires-300-part2of5-pages045-072.pdf/pages/page-21/markdown.md,A4 trifold/vp415-colour300dpi-fixed_Page_065_066.webp
065_066,2,3,trifold,4,module,R,circuit,CS 6 883,Drive processor module R - circuit diagram,065+066,unsorted-source-material/ocr-markdown-service-manual/ocr-playground-download-20260821T150604Z/Philips-VP415-Service-Manual-hires-300-part2of5-pages045-072.pdf/pages/page-21/markdown.md,A4 trifold/vp415-colour300dpi-fixed_Page_065_066.webp
065_066,3,3,trifold,4,module,R,circuit,CS 6 883,Drive processor module R - circuit diagram (continued),065+066,unsorted-source-material/ocr-markdown-service-manual/ocr-playground-download-20260821T150604Z/Philips-VP415-Service-Manual-hires-300-part2of5-pages045-072.pdf/pages/page-22/markdown.md,A4 trifold/vp415-colour300dpi-fixed_Page_065_066.webp
067_068,1,3,trifold,4,module,S,circuit,CS 6 884,Control module S - circuit diagram,067+068,unsorted-source-material/ocr-markdown-service-manual/ocr-playground-download-20260821T150604Z/Philips-VP415-Service-Manual-hires-300-part2of5-pages045-072.pdf/pages/page-23/markdown.md,A4 trifold/vp415-colour300dpi-fixed_Page_067_068.webp
067_068,2,3,trifold,4,module,S,circuit,CS 6 884,Control module S - circuit diagram,067+068,unsorted-source-material/ocr-markdown-service-manual/ocr-playground-download-20260821T150604Z/Philips-VP415-Service-Manual-hires-300-part2of5-pages045-072.pdf/pages/page-23/markdown.md,A4 trifold/vp415-colour300dpi-fixed_Page_067_068.webp
067_068,3,3,trifold,4,module,S,circuit,CS 6 884,Control module S - circuit diagram (continued),067+068,unsorted-source-material/ocr-markdown-service-manual/ocr-playground-download-20260821T150604Z/Philips-VP415-Service-Manual-hires-300-part2of5-pages045-072.pdf/pages/page-24/markdown.md,A4 trifold/vp415-colour300dpi-fixed_Page_067_068.webp
069_070,1,3,trifold,4,module,S,module-sheet,CS 7 852,Control module S (mod level 3) - parts,069+070,unsorted-source-material/ocr-markdown-service-manual/ocr-playground-download-20260821T150604Z/Philips-VP415-Service-Manual-hires-300-part2of5-pages045-072.pdf/pages/page-25/markdown.md,A4 trifold/vp415-colour300dpi-fixed_Page_069_070.webp
069_070,2,3,trifold,4,module,S,module-sheet,CS 7 852,Control module S (mod level 3) - parts,069+070,unsorted-source-material/ocr-markdown-service-manual/ocr-playground-download-20260821T150604Z/Philips-VP415-Service-Manual-hires-300-part2of5-pages045-072.pdf/pages/page-25/markdown.md,A4 trifold/vp415-colour300dpi-fixed_Page_069_070.webp
069_070,3,3,trifold,4,module,S,pcb-layout,CS 7 852,Control module S - PCB lay-out,069+070,unsorted-source-material/ocr-markdown-service-manual/ocr-playground-download-20260821T150604Z/Philips-VP415-Service-Manual-hires-300-part2of5-pages045-072.pdf/pages/page-26/markdown.md,A4 trifold/vp415-colour300dpi-fixed_Page_069_070.webp
071_072,1,3,trifold,4,module,T,module-sheet,CS 7 853,Supply module T (mod level 1) - adjustments / PCB / parts,071+072,unsorted-source-material/ocr-markdown-service-manual/ocr-playground-download-20260821T150604Z/Philips-VP415-Service-Manual-hires-300-part2of5-pages045-072.pdf/pages/page-27/markdown.md,A4 trifold/vp415-colour300dpi-fixed_Page_071_072.webp
071_072,2,3,trifold,4,module,T,module-sheet,CS 7 853,Supply module T (mod level 1) - adjustments / PCB / parts,071+072,unsorted-source-material/ocr-markdown-service-manual/ocr-playground-download-20260821T150604Z/Philips-VP415-Service-Manual-hires-300-part2of5-pages045-072.pdf/pages/page-27/markdown.md,A4 trifold/vp415-colour300dpi-fixed_Page_071_072.webp
071_072,3,3,trifold,4,module,T,module-sheet,CS 7 853,Supply module T - parts (continued),071+072,unsorted-source-material/ocr-markdown-service-manual/ocr-playground-download-20260821T150604Z/Philips-VP415-Service-Manual-hires-300-part2of5-pages045-072.pdf/pages/page-28/markdown.md,A4 trifold/vp415-colour300dpi-fixed_Page_071_072.webp
073,1,2,bifold,4,module,T,circuit,CS 6 885,Supply module T - circuit diagram (switched mode power supply),073,unsorted-source-material/ocr-markdown-service-manual/ocr-playground-download-20260821T150708Z/Philips-VP415-Service-Manual-hires-300-part3of5-pages073-092.pdf/pages/page-1/markdown.md,Original PNG/vp415-colour300dpi-fixed_Page_073.webp
073,2,2,bifold,4,module,T,circuit,CS 6 885,Supply module T - circuit diagram (switched mode power supply),073,unsorted-source-material/ocr-markdown-service-manual/ocr-playground-download-20260821T150708Z/Philips-VP415-Service-Manual-hires-300-part3of5-pages073-092.pdf/pages/page-1/markdown.md,Original PNG/vp415-colour300dpi-fixed_Page_073.webp
074,1,2,bifold,4,module,U,circuit,CS 6 886,Analog I/O module Ua (CVBS + audio part) - circuit diagram,074,unsorted-source-material/ocr-markdown-service-manual/ocr-playground-download-20260821T150708Z/Philips-VP415-Service-Manual-hires-300-part3of5-pages073-092.pdf/pages/page-2/markdown.md,Original PNG/vp415-colour300dpi-fixed_Page_074.webp
074,2,2,bifold,4,module,U,circuit,CS 6 886,Analog I/O module Ua (CVBS + audio part) - circuit diagram,074,unsorted-source-material/ocr-markdown-service-manual/ocr-playground-download-20260821T150708Z/Philips-VP415-Service-Manual-hires-300-part3of5-pages073-092.pdf/pages/page-2/markdown.md,Original PNG/vp415-colour300dpi-fixed_Page_074.webp
075_076,1,3,trifold,4,module,U,module-sheet,CS 7 854,Analog I/O module U (mod level 3) - parts,075+076,unsorted-source-material/ocr-markdown-service-manual/ocr-playground-download-20260821T150708Z/Philips-VP415-Service-Manual-hires-300-part3of5-pages073-092.pdf/pages/page-3/markdown.md,A4 trifold/vp415-colour300dpi-fixed_Page_075_076.webp
075_076,2,3,trifold,4,module,U,module-sheet,CS 7 854,Analog I/O module U (mod level 3) - parts,075+076,unsorted-source-material/ocr-markdown-service-manual/ocr-playground-download-20260821T150708Z/Philips-VP415-Service-Manual-hires-300-part3of5-pages073-092.pdf/pages/page-3/markdown.md,A4 trifold/vp415-colour300dpi-fixed_Page_075_076.webp
075_076,3,3,trifold,4,module,U,pcb-layout,CS 7 854,Analog I/O module U - PCB lay-out,075+076,unsorted-source-material/ocr-markdown-service-manual/ocr-playground-download-20260821T150708Z/Philips-VP415-Service-Manual-hires-300-part3of5-pages073-092.pdf/pages/page-4/markdown.md,A4 trifold/vp415-colour300dpi-fixed_Page_075_076.webp
077_078,1,3,trifold,4,module,U,module-sheet,CS 7 854,Analog I/O module U - parts (continued),077+078,unsorted-source-material/ocr-markdown-service-manual/ocr-playground-download-20260821T150708Z/Philips-VP415-Service-Manual-hires-300-part3of5-pages073-092.pdf/pages/page-5/markdown.md,A4 trifold/vp415-colour300dpi-fixed_Page_077_078.webp
077_078,2,3,trifold,4,module,U,module-sheet,CS 7 854,Analog I/O module U - parts (continued),077+078,unsorted-source-material/ocr-markdown-service-manual/ocr-playground-download-20260821T150708Z/Philips-VP415-Service-Manual-hires-300-part3of5-pages073-092.pdf/pages/page-5/markdown.md,A4 trifold/vp415-colour300dpi-fixed_Page_077_078.webp
077_078,3,3,trifold,4,module,U,pcb-layout,CS 7 854,Analog I/O module U - PCB lay-out (continued),077+078,unsorted-source-material/ocr-markdown-service-manual/ocr-playground-download-20260821T150708Z/Philips-VP415-Service-Manual-hires-300-part3of5-pages073-092.pdf/pages/page-6/markdown.md,A4 trifold/vp415-colour300dpi-fixed_Page_077_078.webp
079,1,2,bifold,4,module,U,circuit,CS 6 887,Analog I/O module Ub (video part) - circuit diagram,079,unsorted-source-material/ocr-markdown-service-manual/ocr-playground-download-20260821T150708Z/Philips-VP415-Service-Manual-hires-300-part3of5-pages073-092.pdf/pages/page-7/markdown.md,Original PNG/vp415-colour300dpi-fixed_Page_079.webp
079,2,2,bifold,4,module,U,circuit,CS 6 887,Analog I/O module Ub (video part) - circuit diagram,079,unsorted-source-material/ocr-markdown-service-manual/ocr-playground-download-20260821T150708Z/Philips-VP415-Service-Manual-hires-300-part3of5-pages073-092.pdf/pages/page-7/markdown.md,Original PNG/vp415-colour300dpi-fixed_Page_079.webp
080,1,2,bifold,4,module,U,circuit,CS 6 888,Analog I/O module Uc (TXT part) - circuit diagram,080,unsorted-source-material/ocr-markdown-service-manual/ocr-playground-download-20260821T150708Z/Philips-VP415-Service-Manual-hires-300-part3of5-pages073-092.pdf/pages/page-8/markdown.md,Original PNG/vp415-colour300dpi-fixed_Page_080.webp
080,2,2,bifold,4,module,U,circuit,CS 6 888,Analog I/O module Uc (TXT part) - circuit diagram,080,unsorted-source-material/ocr-markdown-service-manual/ocr-playground-download-20260821T150708Z/Philips-VP415-Service-Manual-hires-300-part3of5-pages073-092.pdf/pages/page-8/markdown.md,Original PNG/vp415-colour300dpi-fixed_Page_080.webp
081,1,1,A4,4,module,U,adjustments,,Analog I/O module U - adjustments,081,unsorted-source-material/ocr-markdown-service-manual/ocr-playground-download-20260821T150708Z/Philips-VP415-Service-Manual-hires-300-part3of5-pages073-092.pdf/pages/page-9/markdown.md,Original PNG/vp415-colour300dpi-fixed_Page_081.webp
082,1,2,bifold,4,module,U,adjustments,CS 7 856,Analog I/O module U - adjustments (continued) / connector detail,082,unsorted-source-material/ocr-markdown-service-manual/ocr-playground-download-20260821T150708Z/Philips-VP415-Service-Manual-hires-300-part3of5-pages073-092.pdf/pages/page-10/markdown.md,Original PNG/vp415-colour300dpi-fixed_Page_082.webp
082,2,2,bifold,4,module,U,adjustments,CS 7 856,Analog I/O module U - adjustments (continued) / connector detail,082,unsorted-source-material/ocr-markdown-service-manual/ocr-playground-download-20260821T150708Z/Philips-VP415-Service-Manual-hires-300-part3of5-pages073-092.pdf/pages/page-10/markdown.md,Original PNG/vp415-colour300dpi-fixed_Page_082.webp
083,1,1,A4,4,module,W,parts,CS 7 857,List of electrical parts module W (EPROMs),083,unsorted-source-material/ocr-markdown-service-manual/ocr-playground-download-20260821T150708Z/Philips-VP415-Service-Manual-hires-300-part3of5-pages073-092.pdf/pages/page-11/markdown.md,Original PNG/vp415-colour300dpi-fixed_Page_083.webp
084,1,2,bifold,4,module,W,pcb-layout,,CPU + data grabber module W (mod level 2) - PCB / parts,084,unsorted-source-material/ocr-markdown-service-manual/ocr-playground-download-20260821T150708Z/Philips-VP415-Service-Manual-hires-300-part3of5-pages073-092.pdf/pages/page-12/markdown.md,Original PNG/vp415-colour300dpi-fixed_Page_084.webp
084,2,2,bifold,4,module,W,pcb-layout,,CPU + data grabber module W (mod level 2) - PCB / parts,084,unsorted-source-material/ocr-markdown-service-manual/ocr-playground-download-20260821T150708Z/Philips-VP415-Service-Manual-hires-300-part3of5-pages073-092.pdf/pages/page-12/markdown.md,Original PNG/vp415-colour300dpi-fixed_Page_084.webp
085_086,1,3,trifold,4,module,W,circuit,CS 6 889,CPU + data grabber module W - circuit diagram,085+086,unsorted-source-material/ocr-markdown-service-manual/ocr-playground-download-20260821T150708Z/Philips-VP415-Service-Manual-hires-300-part3of5-pages073-092.pdf/pages/page-13/markdown.md,A4 trifold/vp415-colour300dpi-fixed_Page_085_086.webp
085_086,2,3,trifold,4,module,W,circuit,CS 6 889,CPU + data grabber module W - circuit diagram,085+086,unsorted-source-material/ocr-markdown-service-manual/ocr-playground-download-20260821T150708Z/Philips-VP415-Service-Manual-hires-300-part3of5-pages073-092.pdf/pages/page-13/markdown.md,A4 trifold/vp415-colour300dpi-fixed_Page_085_086.webp
085_086,3,3,trifold,4,module,W,circuit,CS 6 889,Data grabber data processing module Wa - circuit diagram,085+086,unsorted-source-material/ocr-markdown-service-manual/ocr-playground-download-20260821T150708Z/Philips-VP415-Service-Manual-hires-300-part3of5-pages073-092.pdf/pages/page-14/markdown.md,A4 trifold/vp415-colour300dpi-fixed_Page_085_086.webp
087_088,1,3,trifold,4,module,W,circuit,CS 6 890,CPU + data grabber module W - circuit diagram (EPROM section),087+088,unsorted-source-material/ocr-markdown-service-manual/ocr-playground-download-20260821T150708Z/Philips-VP415-Service-Manual-hires-300-part3of5-pages073-092.pdf/pages/page-15/markdown.md,A4 trifold/vp415-colour300dpi-fixed_Page_087_088.webp
087_088,2,3,trifold,4,module,W,circuit,CS 6 890,CPU + data grabber module W - circuit diagram (EPROM section),087+088,unsorted-source-material/ocr-markdown-service-manual/ocr-playground-download-20260821T150708Z/Philips-VP415-Service-Manual-hires-300-part3of5-pages073-092.pdf/pages/page-15/markdown.md,A4 trifold/vp415-colour300dpi-fixed_Page_087_088.webp
087_088,3,3,trifold,4,module,W,circuit,CS 6 890,LV-ROM interface module Wb - circuit diagram,087+088,unsorted-source-material/ocr-markdown-service-manual/ocr-playground-download-20260821T150708Z/Philips-VP415-Service-Manual-hires-300-part3of5-pages073-092.pdf/pages/page-16/markdown.md,A4 trifold/vp415-colour300dpi-fixed_Page_087_088.webp
089,1,2,bifold,4,module,W,pcb-layout,CS 8 122,CPU + data grabber module W - PCB lay-out (later revision),089,unsorted-source-material/ocr-markdown-service-manual/ocr-playground-download-20260821T150708Z/Philips-VP415-Service-Manual-hires-300-part3of5-pages073-092.pdf/pages/page-17/markdown.md,Original PNG/vp415-colour300dpi-fixed_Page_089.webp
089,2,2,bifold,4,module,W,pcb-layout,CS 8 122,CPU + data grabber module W - PCB lay-out (later revision),089,unsorted-source-material/ocr-markdown-service-manual/ocr-playground-download-20260821T150708Z/Philips-VP415-Service-Manual-hires-300-part3of5-pages073-092.pdf/pages/page-17/markdown.md,Original PNG/vp415-colour300dpi-fixed_Page_089.webp
090,1,2,bifold,4,module,W,pcb-layout,CS 7 858,CPU + data grabber module W - PCB lay-out,090,unsorted-source-material/ocr-markdown-service-manual/ocr-playground-download-20260821T150708Z/Philips-VP415-Service-Manual-hires-300-part3of5-pages073-092.pdf/pages/page-18/markdown.md,Original PNG/vp415-colour300dpi-fixed_Page_090.webp
090,2,2,bifold,4,module,W,pcb-layout,CS 7 858,CPU + data grabber module W - PCB lay-out,090,unsorted-source-material/ocr-markdown-service-manual/ocr-playground-download-20260821T150708Z/Philips-VP415-Service-Manual-hires-300-part3of5-pages073-092.pdf/pages/page-18/markdown.md,Original PNG/vp415-colour300dpi-fixed_Page_090.webp
091_092,1,3,trifold,4,module,X,module-sheet,CS 7 859,LV-ROM decoder module X (mod level 3) - adjustments / PCB / parts,091+092,unsorted-source-material/ocr-markdown-service-manual/ocr-playground-download-20260821T150708Z/Philips-VP415-Service-Manual-hires-300-part3of5-pages073-092.pdf/pages/page-19/markdown.md,A4 trifold/vp415-colour300dpi-fixed_Page_091_092.webp
091_092,2,3,trifold,4,module,X,module-sheet,CS 7 859,LV-ROM decoder module X (mod level 3) - adjustments / PCB / parts,091+092,unsorted-source-material/ocr-markdown-service-manual/ocr-playground-download-20260821T150708Z/Philips-VP415-Service-Manual-hires-300-part3of5-pages073-092.pdf/pages/page-19/markdown.md,A4 trifold/vp415-colour300dpi-fixed_Page_091_092.webp
091_092,3,3,trifold,4,module,X,module-sheet,CS 7 859,LV-ROM decoder module X - parts (continued),091+092,unsorted-source-material/ocr-markdown-service-manual/ocr-playground-download-20260821T150708Z/Philips-VP415-Service-Manual-hires-300-part3of5-pages073-092.pdf/pages/page-20/markdown.md,A4 trifold/vp415-colour300dpi-fixed_Page_091_092.webp
093,1,2,bifold,4,module,X,circuit,CS 6 891,LV-ROM decoder module X - circuit diagram,093,unsorted-source-material/ocr-markdown-service-manual/ocr-playground-download-20260821T150737Z/Philips-VP415-Service-Manual-hires-300-part4of5-pages093-139.pdf/pages/page-1/markdown.md,Original PNG/vp415-colour300dpi-fixed_Page_093.webp
093,2,2,bifold,4,module,X,circuit,CS 6 891,LV-ROM decoder module X - circuit diagram,093,unsorted-source-material/ocr-markdown-service-manual/ocr-playground-download-20260821T150737Z/Philips-VP415-Service-Manual-hires-300-part4of5-pages093-139.pdf/pages/page-1/markdown.md,Original PNG/vp415-colour300dpi-fixed_Page_093.webp
094_095,1,3,trifold,4,module,Y,circuit,CS 6 892,Video mixer module Y - circuit diagram (mode switch / buffer+clamp / mixers),094+095,unsorted-source-material/ocr-markdown-service-manual/ocr-playground-download-20260821T150737Z/Philips-VP415-Service-Manual-hires-300-part4of5-pages093-139.pdf/pages/page-2/markdown.md,A4 trifold/vp415-colour300dpi-fixed_Page_094_095.webp
094_095,2,3,trifold,4,module,Y,circuit,CS 6 892,Video mixer module Y - circuit diagram (mode switch / buffer+clamp / mixers),094+095,unsorted-source-material/ocr-markdown-service-manual/ocr-playground-download-20260821T150737Z/Philips-VP415-Service-Manual-hires-300-part4of5-pages093-139.pdf/pages/page-2/markdown.md,A4 trifold/vp415-colour300dpi-fixed_Page_094_095.webp
094_095,3,3,trifold,4,module,Y,circuit,CS 6 892,Video mixer module Y - circuit diagram (continued),094+095,unsorted-source-material/ocr-markdown-service-manual/ocr-playground-download-20260821T150737Z/Philips-VP415-Service-Manual-hires-300-part4of5-pages093-139.pdf/pages/page-3/markdown.md,A4 trifold/vp415-colour300dpi-fixed_Page_094_095.webp
096_097,1,3,trifold,4,module,Y,module-sheet,CS 7 860,Video mixer module Y (mod level 4) - parts,096+097,unsorted-source-material/ocr-markdown-service-manual/ocr-playground-download-20260821T150737Z/Philips-VP415-Service-Manual-hires-300-part4of5-pages093-139.pdf/pages/page-4/markdown.md,A4 trifold/vp415-colour300dpi-fixed_Page_096_097.webp
096_097,2,3,trifold,4,module,Y,module-sheet,CS 7 860,Video mixer module Y (mod level 4) - parts,096+097,unsorted-source-material/ocr-markdown-service-manual/ocr-playground-download-20260821T150737Z/Philips-VP415-Service-Manual-hires-300-part4of5-pages093-139.pdf/pages/page-4/markdown.md,A4 trifold/vp415-colour300dpi-fixed_Page_096_097.webp
096_097,3,3,trifold,4,module,Y,pcb-layout,CS 7 860,Video mixer module Y - PCB lay-out,096+097,unsorted-source-material/ocr-markdown-service-manual/ocr-playground-download-20260821T150737Z/Philips-VP415-Service-Manual-hires-300-part4of5-pages093-139.pdf/pages/page-5/markdown.md,A4 trifold/vp415-colour300dpi-fixed_Page_096_097.webp
098,1,2,bifold,4,module,Z,module-sheet,CS 7 861,Deck electronics module Z - parts,098,unsorted-source-material/ocr-markdown-service-manual/ocr-playground-download-20260821T150737Z/Philips-VP415-Service-Manual-hires-300-part4of5-pages093-139.pdf/pages/page-6/markdown.md,Original PNG/vp415-colour300dpi-fixed_Page_098.webp
098,2,2,bifold,4,module,Z,module-sheet,CS 7 861,Deck electronics module Z - parts,098,unsorted-source-material/ocr-markdown-service-manual/ocr-playground-download-20260821T150737Z/Philips-VP415-Service-Manual-hires-300-part4of5-pages093-139.pdf/pages/page-6/markdown.md,Original PNG/vp415-colour300dpi-fixed_Page_098.webp
099,1,2,bifold,4,module,Z,circuit,CS 6 893,Deck electronics module Z - circuit diagram (laser detection unit),099,unsorted-source-material/ocr-markdown-service-manual/ocr-playground-download-20260821T150737Z/Philips-VP415-Service-Manual-hires-300-part4of5-pages093-139.pdf/pages/page-7/markdown.md,Original PNG/vp415-colour300dpi-fixed_Page_099.webp
099,2,2,bifold,4,module,Z,circuit,CS 6 893,Deck electronics module Z - circuit diagram (laser detection unit),099,unsorted-source-material/ocr-markdown-service-manual/ocr-playground-download-20260821T150737Z/Philips-VP415-Service-Manual-hires-300-part4of5-pages093-139.pdf/pages/page-7/markdown.md,Original PNG/vp415-colour300dpi-fixed_Page_099.webp
100,1,2,bifold,4,module,RC,module-sheet,CS 7 862,Remote control RC53/VP410/VP415 transmitter - exploded view / PCB,100,unsorted-source-material/ocr-markdown-service-manual/ocr-playground-download-20260821T150737Z/Philips-VP415-Service-Manual-hires-300-part4of5-pages093-139.pdf/pages/page-8/markdown.md,Original PNG/vp415-colour300dpi-fixed_Page_100.webp
100,2,2,bifold,4,module,RC,module-sheet,CS 7 862,Remote control RC53/VP410/VP415 transmitter - exploded view / PCB,100,unsorted-source-material/ocr-markdown-service-manual/ocr-playground-download-20260821T150737Z/Philips-VP415-Service-Manual-hires-300-part4of5-pages093-139.pdf/pages/page-8/markdown.md,Original PNG/vp415-colour300dpi-fixed_Page_100.webp
101,1,1,A4,5,divider,,divider,,Chapter 5 divider (Exploded views and parts lists),101,unsorted-source-material/ocr-markdown-service-manual/ocr-playground-download-20260821T150737Z/Philips-VP415-Service-Manual-hires-300-part4of5-pages093-139.pdf/pages/page-9/markdown.md,Original PNG/vp415-colour300dpi-fixed_Page_101.webp
102,1,2,bifold,5,exploded-views,,figure,CS 7 863,Exploded view - cabinet,102,unsorted-source-material/ocr-markdown-service-manual/ocr-playground-download-20260821T150737Z/Philips-VP415-Service-Manual-hires-300-part4of5-pages093-139.pdf/pages/page-10/markdown.md,Original PNG/vp415-colour300dpi-fixed_Page_102.webp
102,2,2,bifold,5,exploded-views,,figure,CS 7 863,Exploded view - cabinet,102,unsorted-source-material/ocr-markdown-service-manual/ocr-playground-download-20260821T150737Z/Philips-VP415-Service-Manual-hires-300-part4of5-pages093-139.pdf/pages/page-10/markdown.md,Original PNG/vp415-colour300dpi-fixed_Page_102.webp
103,1,2,bifold,5,exploded-views,,figure,CS 7 864,Exploded view - sandwich,103,unsorted-source-material/ocr-markdown-service-manual/ocr-playground-download-20260821T150737Z/Philips-VP415-Service-Manual-hires-300-part4of5-pages093-139.pdf/pages/page-11/markdown.md,Original PNG/vp415-colour300dpi-fixed_Page_103.webp
103,2,2,bifold,5,exploded-views,,figure,CS 7 864,Exploded view - sandwich,103,unsorted-source-material/ocr-markdown-service-manual/ocr-playground-download-20260821T150737Z/Philips-VP415-Service-Manual-hires-300-part4of5-pages093-139.pdf/pages/page-11/markdown.md,Original PNG/vp415-colour300dpi-fixed_Page_103.webp
104,1,2,bifold,5,exploded-views,,figure,CS 7 865,Exploded view - frontloader,104,unsorted-source-material/ocr-markdown-service-manual/ocr-playground-download-20260821T150737Z/Philips-VP415-Service-Manual-hires-300-part4of5-pages093-139.pdf/pages/page-12/markdown.md,Original PNG/vp415-colour300dpi-fixed_Page_104.webp
104,2,2,bifold,5,exploded-views,,figure,CS 7 865,Exploded view - frontloader,104,unsorted-source-material/ocr-markdown-service-manual/ocr-playground-download-20260821T150737Z/Philips-VP415-Service-Manual-hires-300-part4of5-pages093-139.pdf/pages/page-12/markdown.md,Original PNG/vp415-colour300dpi-fixed_Page_104.webp
105,1,2,bifold,5,exploded-views,,figure,CS 7 866,Exploded view - disc drive,105,unsorted-source-material/ocr-markdown-service-manual/ocr-playground-download-20260821T150737Z/Philips-VP415-Service-Manual-hires-300-part4of5-pages093-139.pdf/pages/page-13/markdown.md,Original PNG/vp415-colour300dpi-fixed_Page_105.webp
105,2,2,bifold,5,exploded-views,,figure,CS 7 866,Exploded view - disc drive,105,unsorted-source-material/ocr-markdown-service-manual/ocr-playground-download-20260821T150737Z/Philips-VP415-Service-Manual-hires-300-part4of5-pages093-139.pdf/pages/page-13/markdown.md,Original PNG/vp415-colour300dpi-fixed_Page_105.webp
106,1,1,A4,6,divider,,divider,,Chapter 6 divider (Repair method),106,unsorted-source-material/ocr-markdown-service-manual/ocr-playground-download-20260821T150737Z/Philips-VP415-Service-Manual-hires-300-part4of5-pages093-139.pdf/pages/page-14/markdown.md,Original PNG/vp415-colour300dpi-fixed_Page_106.webp
107,1,1,A4,6,repair-method,,text,CS 8 110,Repair method - title page and contents,107,unsorted-source-material/ocr-markdown-service-manual/ocr-playground-download-20260821T150737Z/Philips-VP415-Service-Manual-hires-300-part4of5-pages093-139.pdf/pages/page-15/markdown.md,Original PNG/vp415-colour300dpi-fixed_Page_107.webp
108,1,1,A4,6,repair-method,,text,CS 8 111,Introduction / diagnostic software,108,unsorted-source-material/ocr-markdown-service-manual/ocr-playground-download-20260821T150737Z/Philips-VP415-Service-Manual-hires-300-part4of5-pages093-139.pdf/pages/page-16/markdown.md,Original PNG/vp415-colour300dpi-fixed_Page_108.webp
109,1,1,A4,6,repair-method,,text,CS 8 112,Reproducing the error codes on the screen,109,unsorted-source-material/ocr-markdown-service-manual/ocr-playground-download-20260821T150737Z/Philips-VP415-Service-Manual-hires-300-part4of5-pages093-139.pdf/pages/page-17/markdown.md,Original PNG/vp415-colour300dpi-fixed_Page_109.webp
110,1,1,A4,6,repair-method,,text,CS 8 113,Programme loop in the self-test mode,110,unsorted-source-material/ocr-markdown-service-manual/ocr-playground-download-20260821T150737Z/Philips-VP415-Service-Manual-hires-300-part4of5-pages093-139.pdf/pages/page-18/markdown.md,Original PNG/vp415-colour300dpi-fixed_Page_110.webp
111,1,1,A4,6,repair-method,,table,CS 8 114,Meaning of the error codes,111,unsorted-source-material/ocr-markdown-service-manual/ocr-playground-download-20260821T150737Z/Philips-VP415-Service-Manual-hires-300-part4of5-pages093-139.pdf/pages/page-19/markdown.md,Original PNG/vp415-colour300dpi-fixed_Page_111.webp
112,1,1,A4,6,fault-finding,,text,CS 8 115,Fault finding - meaning of the symbols used,112,unsorted-source-material/ocr-markdown-service-manual/ocr-playground-download-20260821T150737Z/Philips-VP415-Service-Manual-hires-300-part4of5-pages093-139.pdf/pages/page-20/markdown.md,Original PNG/vp415-colour300dpi-fixed_Page_112.webp
113,1,1,A4,6,fault-finding,,figure,CS 8 116,Test procedure flow chart,113,unsorted-source-material/ocr-markdown-service-manual/ocr-playground-download-20260821T150737Z/Philips-VP415-Service-Manual-hires-300-part4of5-pages093-139.pdf/pages/page-21/markdown.md,Original PNG/vp415-colour300dpi-fixed_Page_113.webp
114,1,1,A4,6,fault-finding,,figure,CS 8 117,Fault finding chart 1 - no display,114,unsorted-source-material/ocr-markdown-service-manual/ocr-playground-download-20260821T150737Z/Philips-VP415-Service-Manual-hires-300-part4of5-pages093-139.pdf/pages/page-22/markdown.md,Original PNG/vp415-colour300dpi-fixed_Page_114.webp
115,1,1,A4,6,fault-finding,,figure,CS 8 118,Fault finding chart 2 - error code <60 (self test mode),115,unsorted-source-material/ocr-markdown-service-manual/ocr-playground-download-20260821T150737Z/Philips-VP415-Service-Manual-hires-300-part4of5-pages093-139.pdf/pages/page-23/markdown.md,Original PNG/vp415-colour300dpi-fixed_Page_115.webp
116,1,1,A4,6,fault-finding,,figure,CS 8 119,"Fault finding chart - time out tilt, laser not on, not out of focus",116,unsorted-source-material/ocr-markdown-service-manual/ocr-playground-download-20260821T150737Z/Philips-VP415-Service-Manual-hires-300-part4of5-pages093-139.pdf/pages/page-24/markdown.md,Original PNG/vp415-colour300dpi-fixed_Page_116.webp
117,1,1,A4,6,fault-finding,,figure,CS 8 120,"Fault finding chart - not in focus after 5 attempts, motor speed error, frame lock",117,unsorted-source-material/ocr-markdown-service-manual/ocr-playground-download-20260821T150737Z/Philips-VP415-Service-Manual-hires-300-part4of5-pages093-139.pdf/pages/page-25/markdown.md,Original PNG/vp415-colour300dpi-fixed_Page_117.webp
118,1,1,A4,7,divider,,divider,,Chapter 7 divider (Circuit description),118,unsorted-source-material/ocr-markdown-service-manual/ocr-playground-download-20260821T150737Z/Philips-VP415-Service-Manual-hires-300-part4of5-pages093-139.pdf/pages/page-26/markdown.md,Original PNG/vp415-colour300dpi-fixed_Page_118.webp
119,1,1,A4,5,exploded-views,,figure,CS 7 867,Exploded view - optical deck [bound after chapter 7 divider],119,unsorted-source-material/ocr-markdown-service-manual/ocr-playground-download-20260821T150737Z/Philips-VP415-Service-Manual-hires-300-part4of5-pages093-139.pdf/pages/page-27/markdown.md,Original PNG/vp415-colour300dpi-fixed_Page_119.webp
120,1,1,A4,5,parts-mechanical,,table,CS 7 868,List of mechanical parts - fixing materials / optical deck,120,unsorted-source-material/ocr-markdown-service-manual/ocr-playground-download-20260821T150737Z/Philips-VP415-Service-Manual-hires-300-part4of5-pages093-139.pdf/pages/page-28/markdown.md,Original PNG/vp415-colour300dpi-fixed_Page_120.webp
121,1,1,A4,5,parts-mechanical,,table,CS 7 869,List of mechanical parts - disc drive / sandwich / cabinet,121,unsorted-source-material/ocr-markdown-service-manual/ocr-playground-download-20260821T150737Z/Philips-VP415-Service-Manual-hires-300-part4of5-pages093-139.pdf/pages/page-29/markdown.md,Original PNG/vp415-colour300dpi-fixed_Page_121.webp
122,1,1,A4,5,parts-electrical,,table,CS 7 870,List of electrical parts - remote control / integrated circuits,122,unsorted-source-material/ocr-markdown-service-manual/ocr-playground-download-20260821T150737Z/Philips-VP415-Service-Manual-hires-300-part4of5-pages093-139.pdf/pages/page-30/markdown.md,Original PNG/vp415-colour300dpi-fixed_Page_122.webp
123,1,1,A4,5,parts-electrical,,table,CS 7 871,List of electrical parts - transistors / diodes,123,unsorted-source-material/ocr-markdown-service-manual/ocr-playground-download-20260821T150737Z/Philips-VP415-Service-Manual-hires-300-part4of5-pages093-139.pdf/pages/page-31/markdown.md,Original PNG/vp415-colour300dpi-fixed_Page_123.webp
124,1,1,A4,5,parts-electrical,,table,CS 7 872,List of electrical parts - standard resistors,124,unsorted-source-material/ocr-markdown-service-manual/ocr-playground-download-20260821T150737Z/Philips-VP415-Service-Manual-hires-300-part4of5-pages093-139.pdf/pages/page-32/markdown.md,Original PNG/vp415-colour300dpi-fixed_Page_124.webp
125,1,1,A4,7,circuit-description,,text,CS 7 874,Circuit description - title page and contents,125,unsorted-source-material/ocr-markdown-service-manual/ocr-playground-download-20260821T150737Z/Philips-VP415-Service-Manual-hires-300-part4of5-pages093-139.pdf/pages/page-33/markdown.md,Original PNG/vp415-colour300dpi-fixed_Page_125.webp
126,1,1,A4,7,laservision-system,,text,CS 7 875,The LaserVision system - introduction / encoding,126,unsorted-source-material/ocr-markdown-service-manual/ocr-playground-download-20260821T150737Z/Philips-VP415-Service-Manual-hires-300-part4of5-pages093-139.pdf/pages/page-34/markdown.md,Original PNG/vp415-colour300dpi-fixed_Page_126.webp
127,1,1,A4,7,laservision-system,,text,CS 7 876,Lead-in / lead-out tracks / programme area,127,unsorted-source-material/ocr-markdown-service-manual/ocr-playground-download-20260821T150737Z/Philips-VP415-Service-Manual-hires-300-part4of5-pages093-139.pdf/pages/page-35/markdown.md,Original PNG/vp415-colour300dpi-fixed_Page_127.webp
128,1,1,A4,7,laservision-system,,text,CS 7 877,Radial tracking / time base correction / genlock,128,unsorted-source-material/ocr-markdown-service-manual/ocr-playground-download-20260821T150737Z/Philips-VP415-Service-Manual-hires-300-part4of5-pages093-139.pdf/pages/page-36/markdown.md,Original PNG/vp415-colour300dpi-fixed_Page_128.webp
129,1,1,A4,7,optical-deck,,figure,CS 7 878,Fig. OD1 - optical deck,129,unsorted-source-material/ocr-markdown-service-manual/ocr-playground-download-20260821T150737Z/Philips-VP415-Service-Manual-hires-300-part4of5-pages093-139.pdf/pages/page-37/markdown.md,Original PNG/vp415-colour300dpi-fixed_Page_129.webp
130,1,1,A4,7,optical-deck,,text,CS 7 879,The optical deck,130,unsorted-source-material/ocr-markdown-service-manual/ocr-playground-download-20260821T150737Z/Philips-VP415-Service-Manual-hires-300-part4of5-pages093-139.pdf/pages/page-38/markdown.md,Original PNG/vp415-colour300dpi-fixed_Page_130.webp
131,1,1,A4,7,optical-deck,,text,CS 7 880,Active tilt control (ATC),131,unsorted-source-material/ocr-markdown-service-manual/ocr-playground-download-20260821T150737Z/Philips-VP415-Service-Manual-hires-300-part4of5-pages093-139.pdf/pages/page-39/markdown.md,Original PNG/vp415-colour300dpi-fixed_Page_131.webp
132,1,1,A4,7,vp400-series,,text,,VP400 series - introduction / audio-video signal path,132,unsorted-source-material/ocr-markdown-service-manual/ocr-playground-download-20260821T150737Z/Philips-VP415-Service-Manual-hires-300-part4of5-pages093-139.pdf/pages/page-40/markdown.md,Original PNG/vp415-colour300dpi-fixed_Page_132.webp
133,1,2,bifold,7,vp400-series,,figure,CS 7 581,Fig. SP1 - audio/video signal path,133,unsorted-source-material/ocr-markdown-service-manual/ocr-playground-download-20260821T150737Z/Philips-VP415-Service-Manual-hires-300-part4of5-pages093-139.pdf/pages/page-41/markdown.md,Original PNG/vp415-colour300dpi-fixed_Page_133.webp
133,2,2,bifold,7,vp400-series,,figure,CS 7 581,Fig. SP1 - audio/video signal path,133,unsorted-source-material/ocr-markdown-service-manual/ocr-playground-download-20260821T150737Z/Philips-VP415-Service-Manual-hires-300-part4of5-pages093-139.pdf/pages/page-41/markdown.md,Original PNG/vp415-colour300dpi-fixed_Page_133.webp
134,1,2,bifold,7,vp400-series,,figure,CS 7 882,Fig. CR1 - block diagram control routes,134,unsorted-source-material/ocr-markdown-service-manual/ocr-playground-download-20260821T150737Z/Philips-VP415-Service-Manual-hires-300-part4of5-pages093-139.pdf/pages/page-42/markdown.md,Original PNG/vp415-colour300dpi-fixed_Page_134.webp
134,2,2,bifold,7,vp400-series,,figure,CS 7 882,Fig. CR1 - block diagram control routes,134,unsorted-source-material/ocr-markdown-service-manual/ocr-playground-download-20260821T150737Z/Philips-VP415-Service-Manual-hires-300-part4of5-pages093-139.pdf/pages/page-42/markdown.md,Original PNG/vp415-colour300dpi-fixed_Page_134.webp
135,1,1,A4,7,vp400-series,,figure,,Fig. CR2 - start-up sequence,135,unsorted-source-material/ocr-markdown-service-manual/ocr-playground-download-20260821T150737Z/Philips-VP415-Service-Manual-hires-300-part4of5-pages093-139.pdf/pages/page-43/markdown.md,Original PNG/vp415-colour300dpi-fixed_Page_135.webp
136,1,2,bifold,7,vp400-series,,text,CS 7 883,Control routes / S-bus / constraints on operation,136,unsorted-source-material/ocr-markdown-service-manual/ocr-playground-download-20260821T150737Z/Philips-VP415-Service-Manual-hires-300-part4of5-pages093-139.pdf/pages/page-44/markdown.md,Original PNG/vp415-colour300dpi-fixed_Page_136.webp
136,2,2,bifold,7,vp400-series,,text,CS 7 883,Control routes / S-bus / constraints on operation,136,unsorted-source-material/ocr-markdown-service-manual/ocr-playground-download-20260821T150737Z/Philips-VP415-Service-Manual-hires-300-part4of5-pages093-139.pdf/pages/page-44/markdown.md,Original PNG/vp415-colour300dpi-fixed_Page_136.webp
137,1,2,bifold,7,vp400-series,,figure,CS 8 123,Fig. SE1 - block diagram servo,137,unsorted-source-material/ocr-markdown-service-manual/ocr-playground-download-20260821T150737Z/Philips-VP415-Service-Manual-hires-300-part4of5-pages093-139.pdf/pages/page-45/markdown.md,Original PNG/vp415-colour300dpi-fixed_Page_137.webp
137,2,2,bifold,7,vp400-series,,figure,CS 8 123,Fig. SE1 - block diagram servo,137,unsorted-source-material/ocr-markdown-service-manual/ocr-playground-download-20260821T150737Z/Philips-VP415-Service-Manual-hires-300-part4of5-pages093-139.pdf/pages/page-45/markdown.md,Original PNG/vp415-colour300dpi-fixed_Page_137.webp
138,1,1,A4,7,vp400-series,,text,CS 7 884,The servo block diagram - short description,138,unsorted-source-material/ocr-markdown-service-manual/ocr-playground-download-20260821T150737Z/Philips-VP415-Service-Manual-hires-300-part4of5-pages093-139.pdf/pages/page-46/markdown.md,Original PNG/vp415-colour300dpi-fixed_Page_138.webp
139,1,1,A4,7,module-description,A,text,CS 7 885,Module A - audio processor,139,unsorted-source-material/ocr-markdown-service-manual/ocr-playground-download-20260821T150737Z/Philips-VP415-Service-Manual-hires-300-part4of5-pages093-139.pdf/pages/page-47/markdown.md,Original PNG/vp415-colour300dpi-fixed_Page_139.webp
140,1,1,A4,7,module-description,B,text,CS 7 886,Module B - RGB,140,unsorted-source-material/ocr-markdown-service-manual/ocr-playground-download-20260821T150802Z/Philips-VP415-Service-Manual-hires-300-part5of5-pages140-197.pdf/pages/page-1/markdown.md,Original PNG/vp415-colour300dpi-fixed_Page_140.webp
141,1,1,A4,7,module-description,C,text,CS 7 887,Module C - video processing,141,unsorted-source-material/ocr-markdown-service-manual/ocr-playground-download-20260821T150802Z/Philips-VP415-Service-Manual-hires-300-part5of5-pages140-197.pdf/pages/page-2/markdown.md,Original PNG/vp415-colour300dpi-fixed_Page_141.webp
142,1,1,A4,7,module-description,D,text,CS 7 888,Module D - reference source,142,unsorted-source-material/ocr-markdown-service-manual/ocr-playground-download-20260821T150802Z/Philips-VP415-Service-Manual-hires-300-part5of5-pages140-197.pdf/pages/page-3/markdown.md,Original PNG/vp415-colour300dpi-fixed_Page_142.webp
143,1,2,bifold,7,module-description,E,text,CS 7 889,Module E - slide drive,143,unsorted-source-material/ocr-markdown-service-manual/ocr-playground-download-20260821T150802Z/Philips-VP415-Service-Manual-hires-300-part5of5-pages140-197.pdf/pages/page-4/markdown.md,Original PNG/vp415-colour300dpi-fixed_Page_143.webp
143,2,2,bifold,7,module-description,E,text,CS 7 889,Module E - slide drive,143,unsorted-source-material/ocr-markdown-service-manual/ocr-playground-download-20260821T150802Z/Philips-VP415-Service-Manual-hires-300-part5of5-pages140-197.pdf/pages/page-4/markdown.md,Original PNG/vp415-colour300dpi-fixed_Page_143.webp
144,1,2,bifold,7,module-description,F,text,CS 7 890,Module F - motor + sequence (running condition / frequency / phase control),144,unsorted-source-material/ocr-markdown-service-manual/ocr-playground-download-20260821T150802Z/Philips-VP415-Service-Manual-hires-300-part5of5-pages140-197.pdf/pages/page-5/markdown.md,Original PNG/vp415-colour300dpi-fixed_Page_144.webp
144,2,2,bifold,7,module-description,F,text,CS 7 890,Module F - motor + sequence (running condition / frequency / phase control),144,unsorted-source-material/ocr-markdown-service-manual/ocr-playground-download-20260821T150802Z/Philips-VP415-Service-Manual-hires-300-part5of5-pages140-197.pdf/pages/page-5/markdown.md,Original PNG/vp415-colour300dpi-fixed_Page_144.webp
145,1,1,A4,7,module-description,H,text,CS 7 891,Module H - ETBC B,145,unsorted-source-material/ocr-markdown-service-manual/ocr-playground-download-20260821T150802Z/Philips-VP415-Service-Manual-hires-300-part5of5-pages140-197.pdf/pages/page-6/markdown.md,Original PNG/vp415-colour300dpi-fixed_Page_145.webp
146,1,1,A4,7,module-description,I,text,CS 7 892,Module I - ETBC C,146,unsorted-source-material/ocr-markdown-service-manual/ocr-playground-download-20260821T150802Z/Philips-VP415-Service-Manual-hires-300-part5of5-pages140-197.pdf/pages/page-7/markdown.md,Original PNG/vp415-colour300dpi-fixed_Page_146.webp
147,1,2,bifold,7,module-description,I,text,CS 7 893,Module I - ETBC C (continued),147,unsorted-source-material/ocr-markdown-service-manual/ocr-playground-download-20260821T150802Z/Philips-VP415-Service-Manual-hires-300-part5of5-pages140-197.pdf/pages/page-8/markdown.md,Original PNG/vp415-colour300dpi-fixed_Page_147.webp
147,2,2,bifold,7,module-description,I,text,CS 7 893,Module I - ETBC C (continued),147,unsorted-source-material/ocr-markdown-service-manual/ocr-playground-download-20260821T150802Z/Philips-VP415-Service-Manual-hires-300-part5of5-pages140-197.pdf/pages/page-8/markdown.md,Original PNG/vp415-colour300dpi-fixed_Page_147.webp
148,1,2,bifold,7,module-description,J,text,CS 7 894,Module J - focus / Module K - HF processing,148,unsorted-source-material/ocr-markdown-service-manual/ocr-playground-download-20260821T150802Z/Philips-VP415-Service-Manual-hires-300-part5of5-pages140-197.pdf/pages/page-9/markdown.md,Original PNG/vp415-colour300dpi-fixed_Page_148.webp
148,2,2,bifold,7,module-description,J,text,CS 7 894,Module J - focus / Module K - HF processing,148,unsorted-source-material/ocr-markdown-service-manual/ocr-playground-download-20260821T150802Z/Philips-VP415-Service-Manual-hires-300-part5of5-pages140-197.pdf/pages/page-9/markdown.md,Original PNG/vp415-colour300dpi-fixed_Page_148.webp
149,1,1,A4,7,module-description,L,text,CS 7 895,Module L - video drop-out correction,149,unsorted-source-material/ocr-markdown-service-manual/ocr-playground-download-20260821T150802Z/Philips-VP415-Service-Manual-hires-300-part5of5-pages140-197.pdf/pages/page-10/markdown.md,Original PNG/vp415-colour300dpi-fixed_Page_149.webp
150,1,1,A4,7,module-description,M,text,CS 7 896,Module M - radial drive / Module N - display and keyboard,150,unsorted-source-material/ocr-markdown-service-manual/ocr-playground-download-20260821T150802Z/Philips-VP415-Service-Manual-hires-300-part5of5-pages140-197.pdf/pages/page-11/markdown.md,Original PNG/vp415-colour300dpi-fixed_Page_150.webp
151,1,2,bifold,7,module-description,P,text,CS 7 897,Module P - frontloader / Module R - drive processor,151,unsorted-source-material/ocr-markdown-service-manual/ocr-playground-download-20260821T150802Z/Philips-VP415-Service-Manual-hires-300-part5of5-pages140-197.pdf/pages/page-12/markdown.md,Original PNG/vp415-colour300dpi-fixed_Page_151.webp
151,2,2,bifold,7,module-description,P,text,CS 7 897,Module P - frontloader / Module R - drive processor,151,unsorted-source-material/ocr-markdown-service-manual/ocr-playground-download-20260821T150802Z/Philips-VP415-Service-Manual-hires-300-part5of5-pages140-197.pdf/pages/page-12/markdown.md,Original PNG/vp415-colour300dpi-fixed_Page_151.webp
152,1,2,bifold,7,module-description,S,text,CS 7 898,Module S - control (operation / watchdog),152,unsorted-source-material/ocr-markdown-service-manual/ocr-playground-download-20260821T150802Z/Philips-VP415-Service-Manual-hires-300-part5of5-pages140-197.pdf/pages/page-13/markdown.md,Original PNG/vp415-colour300dpi-fixed_Page_152.webp
152,2,2,bifold,7,module-description,S,text,CS 7 898,Module S - control (operation / watchdog),152,unsorted-source-material/ocr-markdown-service-manual/ocr-playground-download-20260821T150802Z/Philips-VP415-Service-Manual-hires-300-part5of5-pages140-197.pdf/pages/page-13/markdown.md,Original PNG/vp415-colour300dpi-fixed_Page_152.webp
153,1,1,A4,7,module-description,U,text,CS 7 899,Module Ua - analogue I/O CVBS + audio part,153,unsorted-source-material/ocr-markdown-service-manual/ocr-playground-download-20260821T150802Z/Philips-VP415-Service-Manual-hires-300-part5of5-pages140-197.pdf/pages/page-14/markdown.md,Original PNG/vp415-colour300dpi-fixed_Page_153.webp
154,1,1,A4,7,module-description,U,text,CS 7 900,Module Ub - analogue I/O video part,154,unsorted-source-material/ocr-markdown-service-manual/ocr-playground-download-20260821T150802Z/Philips-VP415-Service-Manual-hires-300-part5of5-pages140-197.pdf/pages/page-15/markdown.md,Original PNG/vp415-colour300dpi-fixed_Page_154.webp
155,1,1,A4,7,module-description,U,text,CS 7 901,Module Uc - analogue I/O TXT part,155,unsorted-source-material/ocr-markdown-service-manual/ocr-playground-download-20260821T150802Z/Philips-VP415-Service-Manual-hires-300-part5of5-pages140-197.pdf/pages/page-16/markdown.md,Original PNG/vp415-colour300dpi-fixed_Page_155.webp
156,1,1,A4,7,module-description,W,text,CS 7 902,Module W - data grabber and CPU,156,unsorted-source-material/ocr-markdown-service-manual/ocr-playground-download-20260821T150802Z/Philips-VP415-Service-Manual-hires-300-part5of5-pages140-197.pdf/pages/page-17/markdown.md,Original PNG/vp415-colour300dpi-fixed_Page_156.webp
157,1,1,A4,7,module-description,W,text,CS 7 903,Module W - header register / byte counter / RDY,157,unsorted-source-material/ocr-markdown-service-manual/ocr-playground-download-20260821T150802Z/Philips-VP415-Service-Manual-hires-300-part5of5-pages140-197.pdf/pages/page-18/markdown.md,Original PNG/vp415-colour300dpi-fixed_Page_157.webp
158,1,1,A4,7,module-description,W,text,CS 7 904,Module W - CPU inputs and outputs,158,unsorted-source-material/ocr-markdown-service-manual/ocr-playground-download-20260821T150802Z/Philips-VP415-Service-Manual-hires-300-part5of5-pages140-197.pdf/pages/page-19/markdown.md,Original PNG/vp415-colour300dpi-fixed_Page_158.webp
159,1,1,A4,7,module-description,W,text,CS 7 905,Module W - system clock / UPI-41 / SCSI interface,159,unsorted-source-material/ocr-markdown-service-manual/ocr-playground-download-20260821T150802Z/Philips-VP415-Service-Manual-hires-300-part5of5-pages140-197.pdf/pages/page-20/markdown.md,Original PNG/vp415-colour300dpi-fixed_Page_159.webp
160,1,1,A4,7,module-description,W,text,CS 7 906,Module W - target ID / CPU memory map / port map,160,unsorted-source-material/ocr-markdown-service-manual/ocr-playground-download-20260821T150802Z/Philips-VP415-Service-Manual-hires-300-part5of5-pages140-197.pdf/pages/page-21/markdown.md,Original PNG/vp415-colour300dpi-fixed_Page_160.webp
161,1,1,A4,7,module-description,X,text,CS 7 907,Module X - LV-ROM decoder,161,unsorted-source-material/ocr-markdown-service-manual/ocr-playground-download-20260821T150802Z/Philips-VP415-Service-Manual-hires-300-part5of5-pages140-197.pdf/pages/page-22/markdown.md,Original PNG/vp415-colour300dpi-fixed_Page_161.webp
162,1,1,A4,7,module-description,X,text,CS 7 908,Module X - LV-ROM decoder (continued),162,unsorted-source-material/ocr-markdown-service-manual/ocr-playground-download-20260821T150802Z/Philips-VP415-Service-Manual-hires-300-part5of5-pages140-197.pdf/pages/page-23/markdown.md,Original PNG/vp415-colour300dpi-fixed_Page_162.webp
163,1,1,A4,7,module-description,Z,text,CS 7 873,Module Z - deck electronics / laser supply,163,unsorted-source-material/ocr-markdown-service-manual/ocr-playground-download-20260821T150802Z/Philips-VP415-Service-Manual-hires-300-part5of5-pages140-197.pdf/pages/page-24/markdown.md,Original PNG/vp415-colour300dpi-fixed_Page_163.webp
164,1,1,A4,8,divider,,divider,,Chapter 8 divider (Service information),164,unsorted-source-material/ocr-markdown-service-manual/ocr-playground-download-20260821T150802Z/Philips-VP415-Service-Manual-hires-300-part5of5-pages140-197.pdf/pages/page-25/markdown.md,Original PNG/vp415-colour300dpi-fixed_Page_164.webp
165,1,1,A4,8,service-information,,text,CS 8 262,Service information VP87-01 - survey of modifications,165,unsorted-source-material/ocr-markdown-service-manual/ocr-playground-download-20260821T150802Z/Philips-VP415-Service-Manual-hires-300-part5of5-pages140-197.pdf/pages/page-26/markdown.md,Original PNG/vp415-colour300dpi-fixed_Page_165.webp
166,1,1,A4,8,service-information,,figure,CS 8 263,Positioning of labels,166,unsorted-source-material/ocr-markdown-service-manual/ocr-playground-download-20260821T150802Z/Philips-VP415-Service-Manual-hires-300-part5of5-pages140-197.pdf/pages/page-27/markdown.md,Original PNG/vp415-colour300dpi-fixed_Page_166.webp
167,1,1,A4,8,modification-levels,,table,CS 8 264,Survey of modification levels VP415,167,unsorted-source-material/ocr-markdown-service-manual/ocr-playground-download-20260821T150802Z/Philips-VP415-Service-Manual-hires-300-part5of5-pages140-197.pdf/pages/page-28/markdown.md,Original PNG/vp415-colour300dpi-fixed_Page_167.webp
168,1,1,A4,8,modification-levels,,table,CS 8 265,Survey of modification levels (page 2/2),168,unsorted-source-material/ocr-markdown-service-manual/ocr-playground-download-20260821T150802Z/Philips-VP415-Service-Manual-hires-300-part5of5-pages140-197.pdf/pages/page-29/markdown.md,Original PNG/vp415-colour300dpi-fixed_Page_168.webp
169,1,1,A4,8,modification-levels,,table,CS 8 266,Modification levels per module,169,unsorted-source-material/ocr-markdown-service-manual/ocr-playground-download-20260821T150802Z/Philips-VP415-Service-Manual-hires-300-part5of5-pages140-197.pdf/pages/page-30/markdown.md,Original PNG/vp415-colour300dpi-fixed_Page_169.webp
170,1,1,A4,8,modification-levels,B,table,CS 8 267,Mod levels - RGB module B,170,unsorted-source-material/ocr-markdown-service-manual/ocr-playground-download-20260821T150802Z/Philips-VP415-Service-Manual-hires-300-part5of5-pages140-197.pdf/pages/page-31/markdown.md,Original PNG/vp415-colour300dpi-fixed_Page_170.webp
171,1,1,A4,8,modification-levels,C,table,CS 8 268,Mod levels - video processor module C,171,unsorted-source-material/ocr-markdown-service-manual/ocr-playground-download-20260821T150802Z/Philips-VP415-Service-Manual-hires-300-part5of5-pages140-197.pdf/pages/page-32/markdown.md,Original PNG/vp415-colour300dpi-fixed_Page_171.webp
172,1,1,A4,8,modification-levels,F,table,CS 8 269,Mod levels - motor + sequence module F,172,unsorted-source-material/ocr-markdown-service-manual/ocr-playground-download-20260821T150802Z/Philips-VP415-Service-Manual-hires-300-part5of5-pages140-197.pdf/pages/page-33/markdown.md,Original PNG/vp415-colour300dpi-fixed_Page_172.webp
173,1,1,A4,8,modification-levels,G,table,CS 8 270,Mod levels - gen lock module G,173,unsorted-source-material/ocr-markdown-service-manual/ocr-playground-download-20260821T150802Z/Philips-VP415-Service-Manual-hires-300-part5of5-pages140-197.pdf/pages/page-34/markdown.md,Original PNG/vp415-colour300dpi-fixed_Page_173.webp
174,1,1,A4,8,modification-levels,H,table,CS 8 271,Mod levels - ETBC B module H,174,unsorted-source-material/ocr-markdown-service-manual/ocr-playground-download-20260821T150802Z/Philips-VP415-Service-Manual-hires-300-part5of5-pages140-197.pdf/pages/page-35/markdown.md,Original PNG/vp415-colour300dpi-fixed_Page_174.webp
175,1,1,A4,8,modification-levels,I,table,CS 8 272,Mod levels - ETBC-C module I,175,unsorted-source-material/ocr-markdown-service-manual/ocr-playground-download-20260821T150802Z/Philips-VP415-Service-Manual-hires-300-part5of5-pages140-197.pdf/pages/page-36/markdown.md,Original PNG/vp415-colour300dpi-fixed_Page_175.webp
176,1,1,A4,8,modification-levels,J,table,CS 8 273,Mod levels - focus module J,176,unsorted-source-material/ocr-markdown-service-manual/ocr-playground-download-20260821T150802Z/Philips-VP415-Service-Manual-hires-300-part5of5-pages140-197.pdf/pages/page-37/markdown.md,Original PNG/vp415-colour300dpi-fixed_Page_176.webp
177,1,1,A4,8,modification-levels,K,table,CS 8 274,Mod levels - HF processor module K,177,unsorted-source-material/ocr-markdown-service-manual/ocr-playground-download-20260821T150802Z/Philips-VP415-Service-Manual-hires-300-part5of5-pages140-197.pdf/pages/page-38/markdown.md,Original PNG/vp415-colour300dpi-fixed_Page_177.webp
178,1,1,A4,8,modification-levels,L,table,CS 8 275,Mod levels - video correction module L,178,unsorted-source-material/ocr-markdown-service-manual/ocr-playground-download-20260821T150802Z/Philips-VP415-Service-Manual-hires-300-part5of5-pages140-197.pdf/pages/page-39/markdown.md,Original PNG/vp415-colour300dpi-fixed_Page_178.webp
179,1,1,A4,8,modification-levels,M,table,CS 8 276,Mod levels - radial module M,179,unsorted-source-material/ocr-markdown-service-manual/ocr-playground-download-20260821T150802Z/Philips-VP415-Service-Manual-hires-300-part5of5-pages140-197.pdf/pages/page-40/markdown.md,Original PNG/vp415-colour300dpi-fixed_Page_179.webp
180,1,1,A4,8,modification-levels,R,table,CS 8 277,Mod levels - drive processor module R,180,unsorted-source-material/ocr-markdown-service-manual/ocr-playground-download-20260821T150802Z/Philips-VP415-Service-Manual-hires-300-part5of5-pages140-197.pdf/pages/page-41/markdown.md,Original PNG/vp415-colour300dpi-fixed_Page_180.webp
181,1,1,A4,8,modification-levels,R,table,CS 8 278,Mod levels - drive processor module R (continued),181,unsorted-source-material/ocr-markdown-service-manual/ocr-playground-download-20260821T150802Z/Philips-VP415-Service-Manual-hires-300-part5of5-pages140-197.pdf/pages/page-42/markdown.md,Original PNG/vp415-colour300dpi-fixed_Page_181.webp
182,1,1,A4,8,modification-levels,S,table,CS 8 279,Mod levels - control module S,182,unsorted-source-material/ocr-markdown-service-manual/ocr-playground-download-20260821T150802Z/Philips-VP415-Service-Manual-hires-300-part5of5-pages140-197.pdf/pages/page-43/markdown.md,Original PNG/vp415-colour300dpi-fixed_Page_182.webp
183,1,1,A4,8,modification-levels,T,table,CS 8 280,Mod levels - supply module T,183,unsorted-source-material/ocr-markdown-service-manual/ocr-playground-download-20260821T150802Z/Philips-VP415-Service-Manual-hires-300-part5of5-pages140-197.pdf/pages/page-44/markdown.md,Original PNG/vp415-colour300dpi-fixed_Page_183.webp
184,1,1,A4,8,modification-levels,U,table,CS 8 281,Mod levels - analog I/O module U,184,unsorted-source-material/ocr-markdown-service-manual/ocr-playground-download-20260821T150802Z/Philips-VP415-Service-Manual-hires-300-part5of5-pages140-197.pdf/pages/page-45/markdown.md,Original PNG/vp415-colour300dpi-fixed_Page_184.webp
185,1,1,A4,8,modification-levels,Y,table,CS 8 282,Mod levels - video mix module Y,185,unsorted-source-material/ocr-markdown-service-manual/ocr-playground-download-20260821T150802Z/Philips-VP415-Service-Manual-hires-300-part5of5-pages140-197.pdf/pages/page-46/markdown.md,Original PNG/vp415-colour300dpi-fixed_Page_185.webp
186,1,1,A4,8,modification-levels,Z,table,CS 8 283,Mod levels - deck electronics module Z,186,unsorted-source-material/ocr-markdown-service-manual/ocr-playground-download-20260821T150802Z/Philips-VP415-Service-Manual-hires-300-part5of5-pages140-197.pdf/pages/page-47/markdown.md,Original PNG/vp415-colour300dpi-fixed_Page_186.webp
187,1,1,A4,8,software-releases,,table,CS 8 284,Survey of software releases VP410/415,187,unsorted-source-material/ocr-markdown-service-manual/ocr-playground-download-20260821T150802Z/Philips-VP415-Service-Manual-hires-300-part5of5-pages140-197.pdf/pages/page-48/markdown.md,Original PNG/vp415-colour300dpi-fixed_Page_187.webp
188,1,1,A4,8,software-releases,,text,CS 8 285,Description of software modifications,188,unsorted-source-material/ocr-markdown-service-manual/ocr-playground-download-20260821T150802Z/Philips-VP415-Service-Manual-hires-300-part5of5-pages140-197.pdf/pages/page-49/markdown.md,Original PNG/vp415-colour300dpi-fixed_Page_188.webp
189,1,1,A4,8,software-releases,S,table,CS 8 286,Software - CONTROL (on module S),189,unsorted-source-material/ocr-markdown-service-manual/ocr-playground-download-20260821T150802Z/Philips-VP415-Service-Manual-hires-300-part5of5-pages140-197.pdf/pages/page-50/markdown.md,Original PNG/vp415-colour300dpi-fixed_Page_189.webp
190,1,1,A4,8,software-releases,W,table,CS 8 287,Software - SYNC (on module W),190,unsorted-source-material/ocr-markdown-service-manual/ocr-playground-download-20260821T150802Z/Philips-VP415-Service-Manual-hires-300-part5of5-pages140-197.pdf/pages/page-51/markdown.md,Original PNG/vp415-colour300dpi-fixed_Page_190.webp
191,1,1,A4,8,software-releases,W,table,CS 8 288,Software - DESCRAMBLER (on module W),191,unsorted-source-material/ocr-markdown-service-manual/ocr-playground-download-20260821T150802Z/Philips-VP415-Service-Manual-hires-300-part5of5-pages140-197.pdf/pages/page-52/markdown.md,Original PNG/vp415-colour300dpi-fixed_Page_191.webp
192,1,1,A4,8,software-releases,W,table,CS 8 289,Software - LV-DOS#1 + LV-DOS#2 (on module W),192,unsorted-source-material/ocr-markdown-service-manual/ocr-playground-download-20260821T150802Z/Philips-VP415-Service-Manual-hires-300-part5of5-pages140-197.pdf/pages/page-53/markdown.md,Original PNG/vp415-colour300dpi-fixed_Page_192.webp
193,1,1,A4,8,fault-symptoms,,table,CS 8 290,Fault symptoms and solutions,193,unsorted-source-material/ocr-markdown-service-manual/ocr-playground-download-20260821T150802Z/Philips-VP415-Service-Manual-hires-300-part5of5-pages140-197.pdf/pages/page-54/markdown.md,Original PNG/vp415-colour300dpi-fixed_Page_193.webp
194,1,1,A4,8,fault-symptoms,,table,CS 8 291,Start-up problems,194,unsorted-source-material/ocr-markdown-service-manual/ocr-playground-download-20260821T150802Z/Philips-VP415-Service-Manual-hires-300-part5of5-pages140-197.pdf/pages/page-55/markdown.md,Original PNG/vp415-colour300dpi-fixed_Page_194.webp
195,1,1,A4,8,fault-symptoms,,table,CS 8 292,Playability problems,195,unsorted-source-material/ocr-markdown-service-manual/ocr-playground-download-20260821T150802Z/Philips-VP415-Service-Manual-hires-300-part5of5-pages140-197.pdf/pages/page-56/markdown.md,Original PNG/vp415-colour300dpi-fixed_Page_195.webp
196,1,1,A4,8,fault-symptoms,,table,CS 8 293,Video problems,196,unsorted-source-material/ocr-markdown-service-manual/ocr-playground-download-20260821T150802Z/Philips-VP415-Service-Manual-hires-300-part5of5-pages140-197.pdf/pages/page-57/markdown.md,Original PNG/vp415-colour300dpi-fixed_Page_196.webp
197,1,1,A4,8,fault-symptoms,,table,CS 8 294,Communication problems,197,unsorted-source-material/ocr-markdown-service-manual/ocr-playground-download-20260821T150802Z/Philips-VP415-Service-Manual-hires-300-part5of5-pages140-197.pdf/pages/page-58/markdown.md,Original PNG/vp415-colour300dpi-fixed_Page_197.webp
